videoId,parentId,commentId,isReply,authorDisplayName,text,likeCount,publishedAt,updatedAt,authorChannelId
LyiELtNdG1s,,UgyVb-TtkvvsiMOFv4t4AaABAg,False,@wiseman9197,"NHK党の立候補者さんたち　全45選挙区　
〇北海道  後藤 朋子      〇青森	佐々木 晃　　〇岩手	吉田 博信　　〇秋田	本田 幸久　〇山形	大貫 学　　〇福島	越智 寛之　　〇茨城	酒井 明男　　
〇栃木	高橋 真佐子　〇群馬　上楽 宗之　〇埼玉	山田 信一　　〇千葉	玉元 弘次　　〇東京	石丸 幸人　〇神奈川	堀川 圭輔　〇新潟	原田 公成　　
〇富山	佐藤 明　　〇石川　小澤 正人　〇福井	浜田 智　　〇山梨　　舟橋 夢人　　〇長野　加藤 英明　　〇岐阜　小池 裕之　〇静岡	福原 志瑠美　
〇愛知	横山 緑　　　〇三重	橋本 博幸　〇滋賀　菅原 良雄　〇京都	木村 嘉孝　　〇大阪　武内 隆　　　〇兵庫　立花 孝志　　　〇奈良	川崎 智之
〇和歌山	本間 奈々　　〇鳥取・島根	谷口 直矢　　〇岡山　岩田 好明　〇広島	堤 美登里　　〇山口	奥野 信治　　〇徳島・高知	中島 康治　　
〇香川	野呂 美和子　〇愛媛	斉藤 博樹　〇福岡	村上 成俊　　〇佐賀	松尾 芳治　〇長崎　神谷 幸太郎　　　〇熊本	立花 勝樹　〇大分二宮 大造　
〇宮崎	北川 哲平　〇鹿児島	山本 貴平　　〇沖縄	眞喜志 雄一
比例　3名　浜田 聡　福永 かつや　川崎 たかひろ",1,2025-07-03T18:41:39Z,2025-07-03T18:41:39Z,UCiDWpKw6hjBLh9IsQkrm-lA
LyiELtNdG1s,,Ugz1K7caGIcJbuiUsbF4AaABAg,False,@toshinobukojima4574,日本の未来を決める重要な選挙が始まった❗️投票率が過去最高になる様に❗️,3,2025-07-03T16:38:17Z,2025-07-03T16:38:17Z,UCe-VjdnrgioH6OgzOM_cATg
DpjCCvmOcdc,,UgyWERNu4UF0IUfutLN4AaABAg,False,@征嗣喜羽,期日前投票に行く。オレはもう行ってきた,0,2025-07-06T07:51:46Z,2025-07-06T07:51:46Z,UCrCuOyogGCAhpZt0PHmEbPg
EwD9b0mg-IQ,,UgzriM0l7NVnrFuXGn94AaABAg,False,@nusso1517,期日前投票は不正の温床、大丈夫なのか,0,2025-07-04T06:37:17Z,2025-07-04T06:37:17Z,UCOfcxRWjx9mLXV_xfkjDMnQ
EwD9b0mg-IQ,,UgzgzD10w9G_1c5u1BR4AaABAg,False,@ねちねちねち男ネットコメンテーター-l4l,みんな分かってなさそう、変な人に票を入れたり,0,2025-07-04T06:03:37Z,2025-07-04T06:03:37Z,UCnYy6g-pHTrblCbZ9ZbVizQ
2f2xRqmc2SI,,UgwJyqCQsvezgohxmWZ4AaABAg,False,@コバヤシモータース,ゴシゴシー,0,2025-07-10T13:59:09Z,2025-07-10T13:59:09Z,UCmojOajaZiPHy4pS3f364EQ
2f2xRqmc2SI,,UgxpiWusAxKEMabpAQR4AaABAg,False,@mocomoco6252,"早朝からお疲れ様です！
桜木町の演説も良かったです👍
可能な限り追いかけます💨😊",1,2025-07-04T07:08:51Z,2025-07-04T07:08:51Z,UC4H3SNDnu5pYxHeHp7QHSCQ
2f2xRqmc2SI,,Ugz2tcDkhDw2gtXhHIV4AaABAg,False,@_kau8389,ゴシゴシがんばれー！！,4,2025-07-04T03:40:49Z,2025-07-04T03:40:49Z,UC0ybDAOMam3mJuunyrmTbyw
2f2xRqmc2SI,,UgxVgBPlD0upK_qvUwZ4AaABAg,False,@user-qh7ut4jb3i,ポロシャツ良いですね♪みんなポロシャツで頑張ってください。,3,2025-07-04T01:38:09Z,2025-07-04T01:38:09Z,UC4y_Ej94XIFVXHQkuPksMvg
2f2xRqmc2SI,,UgxvDhOtLqMhaT2riDN4AaABAg,False,@みーちゃんみーにゃん,"近所の選挙ポスター、ゴシゴシかごしま貼られてましたよ🥰
思わずパシャリ📷撮りました‼️

暑さに負けず、頑張ってください😊",2,2025-07-04T00:32:38Z,2025-07-04T00:32:38Z,UCkL3zddDeFnjxGRbnLv9Y5Q
2f2xRqmc2SI,,UgzQXZRDpL9tD4ogqv54AaABAg,False,@taffy215,おはよう😊,4,2025-07-04T00:20:49Z,2025-07-04T00:20:49Z,UCfn2XJt29VjzHoDGmB3j32w
2f2xRqmc2SI,,Ugzw5-fpTUBz1V8plmB4AaABAg,False,@togakushi.96,"今日から期日前投票が始まりますね！
毎日が投票日です。投開票日まで待つ必要はありません！届いた用紙がなくても身分証持参で投票が可能です！
神奈川県にお住まいの皆様、かごしま彰宏に皆様の1票をよろしくお願いいたします🙌",5,2025-07-04T00:12:55Z,2025-07-04T00:12:55Z,UC298YJwzS8dNRYTQEeo3a2g
2f2xRqmc2SI,,UgxgdNHDv7brgpLir_Z4AaABAg,False,@samuraMILK,バックにニッサン？,2,2025-07-04T00:08:09Z,2025-07-04T00:08:09Z,UCSnWsG08Xyc5-FtS3S-xNbQ
,UgxgdNHDv7brgpLir_Z4AaABAg,UgxgdNHDv7brgpLir_Z4AaABAg.AK84UohtODiAK8z3sq2RbD,True,@ちゃんしゃっ,わしもハァ？なしてニッサンや？と思った。せめてメーカー名をズラしてほしかった😢,0,2025-07-04T08:31:17Z,2025-07-04T08:31:17Z,UCHhcmxQhNgph1xWw53R2g3A
Zb95rkbS-NI,,UgzJb4cinnJsulrW55N4AaABAg,False,@e-anby,堀江さんと立花さんのYouTubeで、立花さんは堀江さんの夫婦別姓賛成に同意してましたよね？？,1,2025-07-06T17:14:02Z,2025-07-06T17:14:02Z,UCGIOU6G6Vj5Ql3BkfiTSuAQ
,UgzJb4cinnJsulrW55N4AaABAg,UgzJb4cinnJsulrW55N4AaABAg.AKF3UQw7W0BAKFr1NDAqWR,True,@nhk5783,堀江さんと、党首と、党と公認立候補者個人は多少考えが異なることがありますよ。まるきり全部が同じと言うわけではありません😊,0,2025-07-07T00:35:43Z,2025-07-07T00:35:43Z,UCUbfWuYgTCjMecAhZ6158TA
Zb95rkbS-NI,,UgxyHma_zk0vAmx1afV4AaABAg,False,@あいうえお-t7y1b,"ふうふべつせいとは読みません。ふうふべっせいです。
またカンペを読んでいるのが丸わかりです。1分程度の動画であればせめて自分の意見くらい覚えて発信するべきだと思います。",4,2025-07-04T03:46:27Z,2025-07-04T03:46:27Z,UCgpX7JnIXhNxEYZdIsRCrDQ
,UgxyHma_zk0vAmx1afV4AaABAg,UgxyHma_zk0vAmx1afV4AaABAg.AK8TTg_uw4zAK8V3bNLL5A,True,@nhk5783,"貴重なご意見に感謝します。
言葉が出にくい為、カンペは温かく見守っていただけると助かります😊プロンプターがあると凄く助かるのですが💧",1,2025-07-04T04:00:22Z,2025-07-04T04:00:22Z,UCUbfWuYgTCjMecAhZ6158TA
,UgxyHma_zk0vAmx1afV4AaABAg,UgxyHma_zk0vAmx1afV4AaABAg.AK8TTg_uw4zAKAqtl-66iJ,True,@タカアキ-b7o,どうでもいいこと突っ込む方が書き込まれてるだけでも注目されていることを感じれて嬉しいですね😊,1,2025-07-05T01:58:20Z,2025-07-05T01:58:20Z,UCCOS3obCoK7oUgRYtnyCr7w
,UgxyHma_zk0vAmx1afV4AaABAg,UgxyHma_zk0vAmx1afV4AaABAg.AK8TTg_uw4zAKAspwUAsDS,True,@nhk5783,"@@タカアキ-b7o
タカアキさん、ありがとうございます😊
もう少し頑張ります❗️",1,2025-07-05T02:15:18Z,2025-07-05T02:15:18Z,UCUbfWuYgTCjMecAhZ6158TA
EMUnH9OKKUI,,UgyUwGvZeu4UKNv8Yz54AaABAg,False,@him2237-b9q,"立候補をメインにサムネ作ってください
一目で候補者がわかるような
名前選挙区写真、演説場所を画像に使ってください
岩谷さんは候補者じゃないから
初めての人にでもわかるように",0,2025-07-03T18:06:59Z,2025-07-03T18:06:59Z,UCliQfNJQwcztx_F5GHLLXGg
EMUnH9OKKUI,,UgySAOUtbM0MFETAysZ4AaABAg,False,@よっちゃん-n9u,岩谷幹事長お疲れ様です。❣️,1,2025-07-03T13:02:57Z,2025-07-03T13:02:57Z,UCY2Oynb87DQv-KQO3ixnXvQ
EMUnH9OKKUI,,Ugz8oyJY9eKn0jqUPFh4AaABAg,False,@よっちゃん-n9u,オレンジ。何党や,0,2025-07-03T13:02:20Z,2025-07-03T13:02:20Z,UCY2Oynb87DQv-KQO3ixnXvQ
,Ugz8oyJY9eKn0jqUPFh4AaABAg,Ugz8oyJY9eKn0jqUPFh4AaABAg.AK6tID5LVvaAK8hl4FxGeg,True,@CSF-b4q,あたらしい党。パクったのは参政党の方。,1,2025-07-04T06:00:02Z,2025-07-04T06:00:02Z,UCB-gT4jGjbSOVxI9idia6Ww
EMUnH9OKKUI,,UgyRqRqnrTocU0b7qS94AaABAg,False,@kanaekokone744,久保さん、心に響いて来ました。頑張って　やっぱり維新は体育会系で良いわ。　頑張ってこれからですよ。東京一丸となって,6,2025-07-03T06:24:55Z,2025-07-03T06:25:58Z,UCzHc8P7N-xJyDDEa2_SVrdw
Bj7LOjTxWMs,,UgxE4XkMziQnZ7fem4h4AaABAg,False,@楓来-v3k,"そろそろ　この掲示板も　毎回変えるのでは鳴く　使い回しに　すれば　イイのにね・・誰も　節約を考えない・・
ゲン担ぎから始まったのは知ってるが　選挙の掲示板って　一体　全国で　どのくらい立てられると思いますか？
その　全てが税金・・
誰も　これを　不思議に思わない",0,2025-07-20T01:30:07Z,2025-07-20T01:30:45Z,UCIbSxg9__kZtoU3lCMYOZZg
Bj7LOjTxWMs,,Ugy39nmq_C3Mt-gJ4Ed4AaABAg,False,@白黃-u1h,"期日前投票行きましたよ
くにともさよ頑張れ",0,2025-07-19T03:55:11Z,2025-07-19T03:55:11Z,UCU9AqyKFSQ1PS2DrawWzjnA
Bj7LOjTxWMs,,UgyG4FH67cd6m3YZ1Th4AaABAg,False,@toracoco-qw8hw,"自民 立憲 とんでもないです
どちらも日本が岡山が良くなるとは思わない",0,2025-07-08T22:27:47Z,2025-07-08T22:27:47Z,UCp8RzMy0gdz7Ior87hWcwdg
Bj7LOjTxWMs,,UgxElZD2ADy_PbX7fA94AaABAg,False,@きたざわスミエ,いやだ‼️‼️‼️,1,2025-07-07T05:08:13Z,2025-07-07T05:08:13Z,UCrbDeSNPuCPIw_i_Zk8HVLQ
dcg5d3xKlz4,,UgzlocqoBeEbOrVk01l4AaABAg,False,@gen69g1,"私が初めてNYに行った時は1💲80円台だったと思う。
ソーホーで絵を爆買いしたような‥😂",1,2025-07-10T08:41:11Z,2025-07-10T08:41:11Z,UCBAr15cE0x1Il6tnqeKvKHw
dcg5d3xKlz4,,UgzFp9RoCsDWEJlHGz54AaABAg,False,@hikaru1122pan,チームみらいのマニフェストのAIチャットでいくつかデジタル化反対の意見を書きましたが、どうやってもデジタル化の方向に持っていかれるので諦めました😂,2,2025-07-08T01:55:18Z,2025-07-08T01:55:18Z,UCmn7rN14uL5K3WYAioHgLGw
dcg5d3xKlz4,,UgyBdRynqrll20UCrtx4AaABAg,False,@のんの-t5q,"大政党の在り方のお話、なるほどと納得しました。ありがとうございます♪

ブロードリスニングについては種々の様態があるかと思いますが、、安野氏は、ブロードリスニングで集めた意見を丸呑みするのではなく、最終的な判断は政治家がするとおっしゃっていると思います。現状では、政治家にコネがあったり、陳情に行ける人の声しか届きませんが、その裾野を広げる・政治家の判断材料を増やす、という機能なのだと思います。
その意味では、届いた声たちについて「なぜその取捨選択をしたのか」の説明責任も生まれますので、政治家の責任逃れどころか、より責任が重くなるのではないかと。",0,2025-07-07T17:31:38Z,2025-07-07T17:31:38Z,UC4wxKQjY0CZ0HVHVxcrKTog
,UgyBdRynqrll20UCrtx4AaABAg,UgyBdRynqrll20UCrtx4AaABAg.AKHfIDlYxr3AKJiiG1m8_j,True,@NishidaRyosuke,それは既存政治家に対するステロタイプです。,0,2025-07-08T12:40:02Z,2025-07-08T12:40:02Z,UCPYqT9gdhBaZjJXgXWFoRiQ
dcg5d3xKlz4,,Ugyg2yOcmPu6y0mf_yp4AaABAg,False,@櫻井彩帆,"都市部よりも、工場が集まる地方の方が、外国人との共生に対する疲れを強く感じている人が増えていると思う。地元知人の話だと
工場内での人間関係のトラブルに加え、公共の場や住環境での小さな問題が積み重なり、「共生は難しい」と実感しているそうです。

さらに、基本的な日本語（N4レベル）しか話せない外国人が、家族を帯同して生活するケースも増えてくると思うと不安でしょうがない。
それでも今、なんとか地域の秩序が保たれているのは、多くの日本人が不満や違和感を抱えつつも我慢しているから、というのが現実だそうです。

参政党の「日本人ファースト」が広がるのは多くの工業地域が同じ状況に置かれているからなんだろうなと思っています",14,2025-07-07T04:46:28Z,2025-07-07T04:46:28Z,UCwGDY5Ve18Bn1o7RgLKDfZQ
,Ugyg2yOcmPu6y0mf_yp4AaABAg,Ugyg2yOcmPu6y0mf_yp4AaABAg.AKGIittNcaSAKIqUhcMiiI,True,@palmyra3168,外国人に意見が言えないチキンが被害者意識で不満の矛先を右な政党に託してる、って感じですね。自分で注意できないなら、地元の議員にお願いすればいいのに。日本人の美点がかすれ、悪いところが目立って、情けなく思ってます。アメリカも同じなんでしょうね,0,2025-07-08T04:28:42Z,2025-07-08T04:28:42Z,UCPE99SfCGs5my9mODVWJjsg
dcg5d3xKlz4,,UgxpzwZ_8DZQkyEiCsx4AaABAg,False,@mecarappa,共生社会は寛容社会。我慢を強いられるのが前提でなりたっている社会だけど。そんなに我慢できないものなの？自分の周りに外国の方がいないからなのかもしれないけど。,0,2025-07-06T22:09:19Z,2025-07-06T22:14:17Z,UCQc_H2lKkIg7v5nCXwr3pAw
,UgxpzwZ_8DZQkyEiCsx4AaABAg,UgxpzwZ_8DZQkyEiCsx4AaABAg.AKFaH8NqFnJAKIp6QXxxDQ,True,@palmyra3168,我慢するのは日本人だけなんですよね。海外行けば、みんな自分の意見を主張します。統一民族だから「言わなくてもわかるだろ」が染み付いてるけど、海外でには通用しませんよね。,0,2025-07-08T04:16:39Z,2025-07-08T04:16:39Z,UCPE99SfCGs5my9mODVWJjsg
dcg5d3xKlz4,,UgwS-Svg1XnhAFwB7J54AaABAg,False,@ヤマモトテルヒー,"田舎住まいなので外国人労働力ないとキツいのはよくわかってるし
ドンキにベトナムの方がいてベトナムの食材や調味料買ってくのも慣れてる
クルドは特殊な事情だと思うんだよねえ、不法居留者を粛々と追い出すしかねーのかな",6,2025-07-06T03:26:26Z,2025-07-06T03:26:26Z,UC_KC5brfFriddxxMKdUJkKg
dcg5d3xKlz4,,UgywLMSxizdyMGt12Yl4AaABAg,False,@touwmo56ikro,政党の公約の中で譲れない項目がでると終局的にはどこにも投票できないような心境になります。一人一人の候補者が選挙の度に登場しても良くも知り得ない候補者に投票することもためらわれます。,2,2025-07-06T00:42:03Z,2025-07-06T00:42:03Z,UC2TrwN9DshB6c4rqv29sAnw
dcg5d3xKlz4,,UgzfU0ssseBGGY0J_jt4AaABAg,False,@Jun-ik4sh,今の状況を説明したい配信者vs脊髄反射するリスナーと、今回の選挙を象徴しそうな配信だ,1,2025-07-05T22:19:19Z,2025-07-05T22:19:19Z,UCMfLb4t6ZZol1tngvpmbzRQ
dcg5d3xKlz4,,UgzV9qrxHzX9i9uW0Np4AaABAg,False,@JIRO-FX3150,"普段政治とか全く興味なかったけど、SNSで参政党が日本人ファーストを掲げてからメディアや一部の政党とか過激派から攻撃を受けていて、政治に関心を持つようになりました。
正直、日本の政治家は日本人の為に政治をやってるのが常識だと思っていたけど、今の日本社会って外国の植民地みたいになってることに気づき、外国人を優遇しないと差別主義者になるんですね。
電車の優先席に座っている高齢者や妊婦に文句言って、無理やり追い出して席を奪おうとしている民度低い人と同じようにみえます。こういった外国勢力のファシストの内部侵略を国を守らないと本当に日本という国が亡くなりそうで恐怖だと思うようになりました。",0,2025-07-05T18:57:37Z,2025-07-05T18:57:37Z,UCEYXqjKjUJLQ6KkNTQ7zjRg
dcg5d3xKlz4,,Ugwjh1aw3a_Ldi7daLF4AaABAg,False,@ふんわりほわほわ,"東大の1コマ分とほぼ同じ長さの時間の動画ですね
ヽ(*´∀｀*)ﾉ",1,2025-07-05T16:49:32Z,2025-07-05T16:49:32Z,UCylulrAizokG-gv53qAfPHA
dcg5d3xKlz4,,Ugx8ZKo0lFOyerWYvhF4AaABAg,False,@輪-e9l7h,"私は右と左を行ったり来たりしてます。
保守派の動画を見る機会が多いので、西田先生のリベラル的な意見は気付きや過激化しないブレーキにもなるのでありがたいです。
これからも移民問題の発信を続けてほしいです✨😊",12,2025-07-05T07:32:36Z,2025-07-05T07:42:48Z,UCygIXtUqWOQ9gGilyhNvGnA
dcg5d3xKlz4,,Ugyd_MQoDhbjjuovbit4AaABAg,False,@kk-pl9wn,ブロードリスニングの件のところで以前先生が配信で話されていた地方議員の蜂の巣処理的な地方議員の仕事の重要性を感じました。,3,2025-07-05T07:30:40Z,2025-07-05T07:30:40Z,UC8k0-BcmjshBAl8W0onTaMQ
dcg5d3xKlz4,,Ugxvm0DkPL3NO-nrVWV4AaABAg,False,@arcaurora5297,"いつもラジオ感覚でアーカイブを聞いています
西田先生の講義を聞いてるみたいで楽しいです
まだまだ暑いのでご自愛ください",5,2025-07-05T07:03:56Z,2025-07-05T07:03:56Z,UCd5EDFtGNisyEjvO_dwGUjw
dcg5d3xKlz4,,Ugz5GCRhOVQXOJF7dSZ4AaABAg,False,@hayato.t9204,誰かはやく日本終わらせてよ,0,2025-07-05T04:49:27Z,2025-07-05T04:49:27Z,UCgennjurhW3tAzT228Bmmdg
dcg5d3xKlz4,,UgwlCdVCYtwRh3qH_Kd4AaABAg,False,@maru691,西田先生がリハックで、最近の外国人排斥の流れは「グローバルで起こってる事と全く同じ」と仰っていたことの真意？(何が問題なのか)が気になっていたので、今回の配信すごく面白かったです。ご見解をわかりやすく教えてくれてありがとうございました！,5,2025-07-05T04:37:52Z,2025-07-05T04:37:52Z,UC5hSyUB7yKTuDl8Pqhzsrtg
dcg5d3xKlz4,,UgxX_MQ4VmUlBF6RvLF4AaABAg,False,@猫野夢,"選択制夫婦別姓制度がなぜ戸籍制度崩壊につながるのかわかりやすく説明して欲しいです
大学院に進む日本人が少ないのは教育費に重きを置いてこなかった政治が問題なのでは？
研究費はケチるは学費は高いは･･･ﾅﾝﾀﾞｶﾅ～",6,2025-07-05T04:29:55Z,2025-07-05T04:38:02Z,UCPgyC2xKSYzzCWYNfPPjiTg
dcg5d3xKlz4,,Ugz3zsshEDI_XD7nl4x4AaABAg,False,@asdfqwer-k9x,今回のお話は完全に同意します。大政党が極論に反論（迎合）することによって大政党自身が身動きが取れなくなってしまう。過度に過熱せず丁寧な議論を積み上げられるようにして欲しい。その為には答えづらい問題もオープンにしていく姿勢が大切かな。,1,2025-07-05T04:28:37Z,2025-07-05T04:28:37Z,UCT85ZxVxueRxln2qR_f_P4A
dcg5d3xKlz4,,Ugyqswcvz77EccsK7Fd4AaABAg,False,@dbassiokino,"なんかYouTubeが儲からずに西田さんにみんな金が入るシステムできれば良いのにな。
5パー位でアプリ開発できないかね。
YouTubeとコメント課金アプリ同時に開けば良いだけで、配信者がそっちを多く読めば良いだけだよね。",2,2025-07-05T03:23:20Z,2025-07-05T03:23:20Z,UCb6BGpi8vsXAErpaRUIl73Q
dcg5d3xKlz4,,UgxhFAKWD5_NjIZCxkx4AaABAg,False,@has979,"現状は過去の選挙の結果が現れているだけなので、不満を言うなら選挙に行こうって話しかと思います
各政党がどんか候補者をたて、どんな政策を話しているのかを要検討する
個人的には給付しますとか減税しますは除外して考えます
外国人問題も少子化問題も過激な事しか言わないから眺めるだけかなぁ",0,2025-07-05T02:08:49Z,2025-07-05T02:08:49Z,UCArt_jYUybrA027Hcbnqo2A
dcg5d3xKlz4,,UgwwHgt807dyLv81tRp4AaABAg,False,@hello.ringo123,"日本から移民として海外へ渡った人たちもいるということを忘れがちなんですよね。
国を存続させるか血統を守るか。移民を受け入ても個々の判断で血統は守れるから両立はできるけれど文化の違いから気持ちの面での衝突は避けられない。
どうすれば良い方向へ進めるかという議題を投げかける先生👍️。",2,2025-07-05T00:52:50Z,2025-07-05T00:52:50Z,UC_i36JRDdneTn22oG_a0eVA
dcg5d3xKlz4,,Ugw0NZ0Lv4UwdyiY0kp4AaABAg,False,@munonncom,"外国人問題と一言で言っても解像度を高くしてみていかないといけないよなと学びがありました。ありがとうございました。
観光客・移民、帰化・留学生などそれをまとめて論じるのはナンセンスですよね。",12,2025-07-05T00:52:09Z,2025-07-05T00:52:31Z,UCYntPnL3TyD4l5DPs6HQyKw
dcg5d3xKlz4,,Ugw8Ni9qK00uymsWdqV4AaABAg,False,@ふくうさ,"朝起きて昨日のアーカーイブ視聴がちょうどよく、(キーポイントは数ですかな？…、)
選挙の投票率で、オールドメディアやブロードリスニングの影響がよくわかるから、そっちも気にしながら、選挙へ行こうと思います。貴重なお話ありがとうございます。ま、折り合いつけていかなきゃなんないのはしょうがないよね。",1,2025-07-05T00:48:26Z,2025-07-05T00:48:26Z,UCEKBiLPSXMXitcYyk1Sc2fw
dcg5d3xKlz4,,UgwmkPFu5Amje0cbJKl4AaABAg,False,@uhokuma,"参政党がどうなのかって思うのがマイナーなのかもしれないくだりとても共感します。
今の自分の考えがエコチャンバーで凝り固まってしまっていないかが不安になります。なので、西田さんが否定的なポジションの言説も積極的に聞くように努力してます。
ある程度客観性を確保するように努力していくのがある種ネット選挙での情報リテラシーだと信じて頑張ってます。
いつも西田先生が色んな視点を提示してくれているのがとても助かっていますので、これからもいちばん身近な大学教授で頑張ってくれると嬉しいです。
リアタイ出来なかったので、あとからコーヒー代です。",10,2025-07-05T00:30:32Z,2025-07-05T00:30:32Z,UClVXOJdiCm0AP75c7DiorRw
dcg5d3xKlz4,,UgyRL9vgWJ8aJNjQ1Sx4AaABAg,False,@user-ge8hv3if2p,システムのクリティカルシンキング大事ですね。,0,2025-07-04T23:50:13Z,2025-07-04T23:50:13Z,UCu7cda6OAVDZihjvVSMORdw
dcg5d3xKlz4,,UgxZVGguiLT8VzdcOqt4AaABAg,False,@yuicamera1571,"まず感情的にならず冷静に分析すべき
その上でなんだけど仮に移民を受け入れたとして過疎地域なんかに住む着くかな？
結局は移民も都会に出てきそうで地方衰退の歯止めにはならなそう",7,2025-07-04T23:48:14Z,2025-07-04T23:48:14Z,UCxOB0xN3N0gsaI_kU2IdQEA
,UgxZVGguiLT8VzdcOqt4AaABAg,UgxZVGguiLT8VzdcOqt4AaABAg.AKAc-oOWSSXAKDbMaLiQ9n,True,@hiroko8693,群馬等の田舎では、中古車販売で儲けて、地域の田畑を購入　日本人を雇って働かせている外国人が増えていますよ,0,2025-07-06T03:40:19Z,2025-07-06T03:40:19Z,UCsX7aDL09BTLnqInlNKo__A
dcg5d3xKlz4,,Ugy4ugJmM5ct_vWu89x4AaABAg,False,@根本隆史-w9d,日本の伝統的な祭りや文化が徐々になくなるのは自明なことで、民俗学や文化人類学の仕事を期待して、過去に残してほしいですね。,3,2025-07-04T22:01:26Z,2025-07-04T22:01:26Z,UCaAoiJ5nSejiV7bj3ZdStsw
,Ugy4ugJmM5ct_vWu89x4AaABAg,Ugy4ugJmM5ct_vWu89x4AaABAg.AKAQmeyNxPIAKAWh9qv1C1,True,@NishidaRyosuke,ぼくはそれではデータとしてして残っているだけなので不十分だと考えます。,8,2025-07-04T22:53:07Z,2025-07-04T22:53:07Z,UCPYqT9gdhBaZjJXgXWFoRiQ
dcg5d3xKlz4,,UgxBIk1BM6U8HrMz1h94AaABAg,False,,再生の道支持者で排外主義的な人って、安芸高田も外国人の方がたくさんいることを知らないのかなぁ。ちなみに、石丸さんは外国人の方とも丁寧に対話をしています。,0,2025-07-04T21:45:45Z,2025-07-04T21:45:45Z,UCogm_aEJw8zUI14Mkt_20Zg
dcg5d3xKlz4,,UgwQnxZWRDQOlIIk_qx4AaABAg,False,@minako8889,外国人を選別して受け入れることは難しく、フランスのように社会に適応できない移民の2世、3世が不満を募らせ暴動を起こすことも懸念されます。確かに介護の分野で人手不足は否めませんが、サービスの分野(日本はサービス大国でモノに溢れている)は縮小できるように感じます。,2,2025-07-04T21:18:25Z,2025-07-04T21:18:25Z,UC7HseEczU7Y8g1eultKhUvA
,UgwQnxZWRDQOlIIk_qx4AaABAg,UgwQnxZWRDQOlIIk_qx4AaABAg.AKALrZrvfPLAKAPgB-YH-y,True,@NishidaRyosuke,いえ、長期滞在に必要なビザの発給は個々の要件に応じて発行されるのでコントロール可能なのです。,12,2025-07-04T21:51:49Z,2025-07-04T21:51:49Z,UCPYqT9gdhBaZjJXgXWFoRiQ
dcg5d3xKlz4,,UgwiJnX9UbgpdIkMii94AaABAg,False,@ベーブベース,"そもそも多文化共生が成功してる国ってありますか？
外国人も文化を背負った存在だから自国の文化を押し付けることの方が多いと思いますし、治安悪化や文化対立、摩擦のコストの方がリスクがある。",11,2025-07-04T17:17:09Z,2025-07-04T17:17:09Z,UC3_KKnnDm-5mfBGQ7DtMLnw
,UgwiJnX9UbgpdIkMii94AaABAg,UgwiJnX9UbgpdIkMii94AaABAg.AK9vFQlA2b9AKBfyNQ17Xa,True,@林道理想,"それらを反面教師にして日本が成功例になる可能性もなくはない。というか例えばアメリカは普通に成功例で、今でこそグダグダな感じだけど入植から350年くらいは一貫して多文化共生で成長してきた国（インディアン滅ぼしたけど）。
また移民入れずにほっといても人口減＆国力低下で100年後この国があるかどうかわからないので、どの道選んでも成功は約束されてないよねって前提で考える必要があると思う。",0,2025-07-05T09:42:05Z,2025-07-05T09:42:05Z,UC1hRkKpfZI1LZiV8d1Fjwgw
,UgwiJnX9UbgpdIkMii94AaABAg,UgwiJnX9UbgpdIkMii94AaABAg.AK9vFQlA2b9AKIooQD9TuU,True,@palmyra3168,15ヵ国くらいバックパックで訪れてますが、だいたいどの年にも○○人街があります。もちろん日本人コミュも。ふるさとを離れて居住するくらいの覚悟と柔軟性がある人たちだとは思ってます。ただ、文化の違いが理解できてないから摩擦が起きるのだと思います。外国人はどの国もみなアバウトです。日本人が特別に礼儀正しく、自分の気持ちを表に出さないですね。,0,2025-07-08T04:14:03Z,2025-07-08T04:14:03Z,UCPE99SfCGs5my9mODVWJjsg
yqhczA-C348,,Ugx7GLTrUlTy5tQkh4F4AaABAg,False,@akikoakisan3,👏👏👏,0,2025-07-18T12:07:29Z,2025-07-18T12:07:29Z,UCfGrFRx7YWot7Til6fwgD9w
yqhczA-C348,,UgwbESHxoMhCgg75Pht4AaABAg,False,@LY-kl5ud,消費税5%になったらインボイスも無くせる🎉,0,2025-07-17T16:05:46Z,2025-07-17T16:05:56Z,UC4JhjN1wl_Fqs1I8vdb9KyA
yqhczA-C348,,UgxaGScfhZMV-yOwryF4AaABAg,False,@Hiro-mi1sq,"毎日減税いつでも減税
いいですね",1,2025-07-05T14:53:23Z,2025-07-05T14:53:23Z,UC_PCI6tJs3tY6OThgQYk3Ww
yqhczA-C348,,UgwrKwc0YM7bMEJFASZ4AaABAg,False,@鈴木久男-t2z,命がかかった政治命題。,1,2025-07-05T12:44:36Z,2025-07-05T12:44:36Z,UChRaiwE5RoFBVqG0p_ZWuNQ
yqhczA-C348,,UgzKEreH-4Ksdy53nHl4AaABAg,False,@五十嵐武-u5c,消費税減税、他党も訴えていますが、恒久財源を示しているのは共産党ですね。大企業に対してハッキリ物が言えるこの党を躍進させよう,0,2025-07-05T02:18:14Z,2025-07-05T02:18:14Z,UCjp92P2Aj6Z2NICDGatSCZQ
yqhczA-C348,,Ugy3hRLmiDYRmArP4gl4AaABAg,False,@中山満-s7r,がんばれ　日本福祉大卒の議員さんに期待です。本当の福祉の専門家が必要です。,1,2025-07-05T01:16:24Z,2025-07-05T01:16:24Z,UCzs5VLoEtXZIX2jrOHqiCxQ
yqhczA-C348,,UgwyyICqOV2UwKDhJAV4AaABAg,False,@新千明-q7v,だれでも、毎日、今すぐ！いいですね,1,2025-07-05T00:43:44Z,2025-07-05T00:43:44Z,UCoo3V_BJpDU3fpeWGa52eIA
yqhczA-C348,,UgyqzvsZYyStBrVEb594AaABAg,False,@如月琴美,"貴女しか、、、いません💦
日本共産党&日本国を宜しくお願い致しますm(_ _)m🙏🥺",1,2025-07-04T16:08:35Z,2025-07-04T16:08:35Z,UCudMxe9rbUNKKiPqe0ye0pA
yqhczA-C348,,UgzVdraVYiDYJzSogBx4AaABAg,False,@島津幸枝瀬戸内市議会,他党との違いがはっきり伝わるメッセージになってますね,1,2025-07-04T10:44:37Z,2025-07-04T10:44:37Z,UCnN6pQU2hIaSVBIarwhILbg
yqhczA-C348,,UgxZmfBzaad8T83fzj54AaABAg,False,@joeclash1977,白川さんの見てきた、いまの日本の大変な状況を、ぜひ、国会を通じてよくして欲しい。頑張って💪💪💪💪,4,2025-07-04T08:10:00Z,2025-07-04T08:10:00Z,UCXE1J68M46NkymK6MQdTafA
yqhczA-C348,,Ugy9ZQSAqJKxSPw3kYN4AaABAg,False,@zzarita,"その緑のTシャツ買いました！
デザインも着心地も良いです",3,2025-07-04T06:40:10Z,2025-07-04T06:40:10Z,UC_J5GwsC4N7wJfI9wl6HrVg
yqhczA-C348,,UgyaQl0t6cEbyfYizbl4AaABAg,False,@潤-m6v,物価対策、景気回復のチャンスになる❤,3,2025-07-04T06:32:22Z,2025-07-04T06:32:22Z,UCmeam7-6nrelCSjYw6uf3GA
yqhczA-C348,,Ugx7vwJAqodse4Eb9qx4AaABAg,False,@yutanaka6599,いいね！,2,2025-07-04T06:20:03Z,2025-07-04T06:20:03Z,UC1BfvFf_wfCvDJMLsdHxkbg
yqhczA-C348,,Ugye2JKlqIBQKBSBHhh4AaABAg,False,@角谷進,苦労してきた白川さんだから、人の苦しみに寄りそえる。是非国会で頑張って欲しい！,4,2025-07-04T05:53:49Z,2025-07-04T05:53:49Z,UC0niv8sMBaM98otujlnOwlQ
yqhczA-C348,,UgzU-kzuruwkmTpVa2J4AaABAg,False,@コールブルー,"日本変えましょう。　
変えられるのは、共産党です。応援します。がんバレ",0,2025-07-04T03:47:19Z,2025-07-04T03:47:19Z,UCBx7udDoaDCo1T14nJ7mWGA
lHKkP5XQbvQ,,Ugy_itgxV7hmhw66nBJ4AaABAg,False,@fair-to-fair,"現行の政治方向を、阻止する、保守方向の候補者が数多く当選しないと、日本の資産を外国人に使われ、日本の資産が外国人に奪われる。
安倍さん頑張れ―!",0,2025-07-14T05:28:52Z,2025-07-14T05:28:52Z,UCq0w4xl_885tjuj3Tnp8uGg
lHKkP5XQbvQ,,UgxxAQYXamoHCv4BhLF4AaABAg,False,@u1938,"日本がボロボロになってるのは今まで他人事にしていた日本人一人ひとりでもある。

具体的な政策を挙げてもらわないと、精神論だけでもなぁ",0,2025-07-12T06:55:50Z,2025-07-12T06:55:50Z,UCgk0CBRym9koICyw6vmMqmg
lHKkP5XQbvQ,,UgzUfHyFZbXzTR7Dra14AaABAg,False,@Anko-sk3ro,応援してます！,1,2025-07-11T02:33:49Z,2025-07-11T02:33:49Z,UCWmKJaJwOJWW_OOTQae11BA
lHKkP5XQbvQ,,Ugw0F1uiAUxGpJDkwuB4AaABAg,False,@eこちゃん,日本誠真会、安倍さんの言ってる通りです。誠真会、安倍さんを皆さん是非投票しましょう！,1,2025-07-10T13:24:42Z,2025-07-10T13:24:42Z,UCa6MeDp0-ykHl0Rd98H4fcw
lHKkP5XQbvQ,,UgzsxMsukq9jkBAQ54F4AaABAg,False,@れっどりぼん軍,いいぞー❕,1,2025-07-10T13:04:35Z,2025-07-10T13:04:35Z,UC3eCOY3o2zXrj0vBGsQbyaA
lHKkP5XQbvQ,,UgyPUX7dXVrPft08kI14AaABAg,False,@smartusa6647,安倍さん、応援してます🎉,2,2025-07-08T13:35:42Z,2025-07-08T13:35:42Z,UCzxNXqD7l2g9_mHYmlFCOEQ
lHKkP5XQbvQ,,Ugwnr9OuqGCt7QCpSgp4AaABAg,False,@あにあいとまるこ,阿部さん、もうちょっと言葉遣いを気をつけて話さないと、ここだけ見た人は、怖い政党かと思っちゃいます。全然違うんだけど。そして阿部さんもとっても優しい方だと思うんですけど、違うイメージになっちゃってます。,0,2025-07-08T01:19:39Z,2025-07-08T01:19:39Z,UCMZQe4d2t_eCFZPM0qNRZLw
lHKkP5XQbvQ,,UgzWx6i-_1-4UYnIrsl4AaABAg,False,@日本誠真会を応援してた垢,大分ニュースさん、ありがとうございます！,3,2025-07-07T12:01:36Z,2025-07-07T12:01:36Z,UCMv10QfZdej3chmG-hp2BUw
lHKkP5XQbvQ,,UgzVQE-JK7zJvEuuRBt4AaABAg,False,@bluebird7295,"あべ　まさお　よしのとしあき　
絶対に嘘をつかない
絶対にあきらめない
真実の愛がある",3,2025-07-07T11:53:16Z,2025-07-07T11:53:16Z,UCVMTcxSF0aN7MqSXtXFWU1g
lHKkP5XQbvQ,,UgxhqPfDptXb2ZbR6W14AaABAg,False,@コケシママ,❤日本誠真会❤嘘をつかない政党😊,6,2025-07-07T05:05:38Z,2025-07-07T05:05:38Z,UCpFtHX5OYU3QdPBsf09PKlQ
lHKkP5XQbvQ,,UgwNwWqZPNjQdlD4WwB4AaABAg,False,@imiyuki9467,頑張ってー,9,2025-07-07T02:13:51Z,2025-07-07T02:13:51Z,UCV8lY3OUpuOJOum1LnTVBtQ
lHKkP5XQbvQ,,UgypXgw9imLkxYecgLF4AaABAg,False,@keikotanaka6080,占領憲法でボロボロになってしまった日本🇯🇵。ボロボロの中から鶴が飛び立ちました日本誠真会🎉😊,4,2025-07-07T01:20:09Z,2025-07-07T01:20:09Z,UCPVgaNNpYObhCOZp_NvRnkg
lHKkP5XQbvQ,,UgzWFe5nyE5WnEGQ0cV4AaABAg,False,@純子風間,配信ありがとうございます😂,5,2025-07-06T21:56:44Z,2025-07-06T21:56:44Z,UCoFdyDm6uUpnsIYe5oq4BdA
lHKkP5XQbvQ,,UgwaEDcV04oLGXFsUUd4AaABAg,False,@あおあお-w8y,"他県ですが応援しています🎉
大分の皆様、どうぞよろしくお願いいたします！！
大分から日本の病を治す！！",4,2025-07-06T11:17:13Z,2025-07-06T11:17:13Z,UCjnBxVMzX68GYZO1pHecFjA
lHKkP5XQbvQ,,Ugw-tmQejbzwG3mz8_N4AaABAg,False,@usako-d8w,"安倍さん☺️ありがとうございます
大分中に響きました
応援してます♡",11,2025-07-06T11:13:08Z,2025-07-06T11:13:08Z,UCuHT2P-xUF4LHzhrMTcZK6g
lHKkP5XQbvQ,,Ugy0w_2aF5W1d6TeoYh4AaABAg,False,@kinkun-n4g,自分を犠牲にしてでも誠真会にささげてくださ感謝します☺,10,2025-07-06T08:54:13Z,2025-07-06T08:54:13Z,UCbfhlHrjC59FX5TpZMNYMww
lHKkP5XQbvQ,,Ugw2Kl3JDH2GbnZTiV14AaABAg,False,@kinkun-n4g,頑張って😊,10,2025-07-06T08:51:20Z,2025-07-06T08:51:20Z,UCbfhlHrjC59FX5TpZMNYMww
lHKkP5XQbvQ,,UgytfuT2XwHQ-jNacEd4AaABAg,False,@kinkun-n4g,😊,4,2025-07-06T08:50:43Z,2025-07-06T08:50:43Z,UCbfhlHrjC59FX5TpZMNYMww
lHKkP5XQbvQ,,UgyYgmaCfQ3sGXoEMWh4AaABAg,False,@ピー子キャンベル,日本誠真会しかない‼️,13,2025-07-06T08:50:06Z,2025-07-06T08:50:06Z,UC0j1ZZvQY0_mgoFS3BtLsBQ
lHKkP5XQbvQ,,UgzZrgbH1GkafMLyshV4AaABAg,False,@333-8-m,"ノーカット配信ありがとうございます🙏😊✨
応援しています🙌
立候補下さり、ありがとうございます🙇
暑さに気を付けて頑張って下さい👍✨🇯🇵",9,2025-07-06T06:31:12Z,2025-07-06T06:33:15Z,UCn5dvVAhUgcK6VKhNRosN6A
lHKkP5XQbvQ,,UgwAPQHzotQo8LcW0sZ4AaABAg,False,@トマトン-s1t,"ヒゲは剃ったほうがいいと思います。
この動画を最初は無音で、後から有音で聴きましたが、無音で見た時と有音で見た時の印象が違います。ヒゲが無いだけでかなり印象が良くなると思います。",0,2025-07-06T02:14:59Z,2025-07-06T02:14:59Z,UCXEVY2wR2rzoN8AmEl9FmSA
lHKkP5XQbvQ,,UgwckF95N7hE0me2vEd4AaABAg,False,@ブルースサマータイム,応援してます,12,2025-07-05T12:03:38Z,2025-07-05T12:03:38Z,UCArNXaRo_7giItTrF6uJYuQ
lHKkP5XQbvQ,,UgyGxiRRue4nckzBFBF4AaABAg,False,@michiy.i8318,"安倍さん、応援しております😊
大分のボランティアの方々もありがとうございます✨",22,2025-07-05T07:30:54Z,2025-07-05T07:30:54Z,UCqazeLPSktSlOA5BxNeOrYA
lHKkP5XQbvQ,,Ugy4yuglmETQj5dtDOp4AaABAg,False,@梅三-v4d,安倍ちゃん よう 言うた、しかし平和ボケした人 メディアに洗脳された人を説得するのは至難の技じゃ 遅いぐらいじゃ ただ 安倍ちゃんを応援してるで。,15,2025-07-05T07:18:04Z,2025-07-05T07:18:04Z,UCbx4EjnHTGDvqNTCIaZfX7w
lHKkP5XQbvQ,,UgwoEKOqAq76HPOJdrd4AaABAg,False,@w7f492b8v,安倍さん。ご活躍さまです❤,21,2025-07-05T07:03:59Z,2025-07-05T07:03:59Z,UCCp_xeVOERTtv3nmGLjJIHw
lHKkP5XQbvQ,,UgzI9wjjgbsR176IEgt4AaABAg,False,@GOMACHA8,その　恥を知りなさい！！と言った自民党議員は、国会途中で抜け出して美容外科行ってましたね、、、😮,14,2025-07-05T06:44:48Z,2025-07-05T06:44:48Z,UCS3A4LWwj3icn3BOczTeCXw
lHKkP5XQbvQ,,Ugw9oGjWKtbcrDNIwV94AaABAg,False,@user-ue8pg4pz1t,日本誠真会！大分からもありがとうございます！応援しています！,37,2025-07-05T06:37:14Z,2025-07-05T06:37:14Z,UCxVc2Swdt1ZFm3tly5_ZEvA
lHKkP5XQbvQ,,UgwBOsKPR8x4o94e5Dh4AaABAg,False,@文鳥ラブ-b3y,"国民の本音を強い言葉で訴えてくれる政治家に期待しかない！
１人でも多くの大分県民に知って欲しい人材",20,2025-07-05T05:56:24Z,2025-07-05T05:56:24Z,UCJeDmYG39_6Pv99XtCMs5QQ
lHKkP5XQbvQ,,UgyKAJxREjW-5Dmvsjx4AaABAg,False,@小野久美子-q1w,あべさん✊応援しています,19,2025-07-05T02:46:59Z,2025-07-05T02:46:59Z,UCJMEXvGT_r6YNXJgRzTMlHw
lHKkP5XQbvQ,,Ugz28JTOUndQaHBUdZ94AaABAg,False,@JohncemanBB,あべさん、大変だと思いますが、ぜひ日本誠真会の名に恥じない選挙活動を！,20,2025-07-05T02:42:26Z,2025-07-05T02:42:26Z,UCRm_BrqHoDF_a-ZteEyRReA
lHKkP5XQbvQ,,UgwYMcugfHEb1yL7f4x4AaABAg,False,@Inspireyou724,あー安倍さん、YouTube 嬉しい！頑張ってね！,22,2025-07-05T02:40:04Z,2025-07-05T02:40:04Z,UCX6HotOKG0gRBGX9JMC0sNw
lHKkP5XQbvQ,,UgzBlY6nhKs6E7Xkf1J4AaABAg,False,@るたんママ,宜しくお願い致します😊,21,2025-07-05T02:21:16Z,2025-07-05T02:21:16Z,UCz2YfEVBYeQsgDszgmhEDLg
lHKkP5XQbvQ,,Ugy4atHfnly1KPkSrDJ4AaABAg,False,@ame_kumori2179,"安倍さん、ボランティアの皆さん
暑い中ご苦労様です。
家族みんなで応援しています！！",31,2025-07-05T00:49:23Z,2025-07-05T00:49:23Z,UCyu8z8zzxLaWW2VCaFELfAw
lHKkP5XQbvQ,,Ugwizv8mh6mT9fTfjNx4AaABAg,False,@grin1088,日本誠真会のみなさん朝から晩まで日本国と日本国民のため本当にありがとうございます🙇‍♀️,34,2025-07-05T00:45:39Z,2025-07-05T00:45:39Z,UCrWafoG5OUdaLTzf2GbIrXw
lHKkP5XQbvQ,,UgxIY3C0xU_JITJ1o7J4AaABAg,False,@keecolor,安倍さん✨応援しています‼️日本を元に戻す‼️٩(⁎•ᴗ•⁎)و✨🇯🇵,40,2025-07-04T23:33:46Z,2025-07-04T23:33:46Z,UCmETeL-4NAo2HrkUmQdI3ag
lHKkP5XQbvQ,,UgziFgggVs01rFEBVk54AaABAg,False,@MasaharuHirakawa-hv1or,日本の窮状を訴えて下さい。既存政党の欺瞞を判り易く。,39,2025-07-04T20:30:21Z,2025-07-04T20:30:21Z,UC0QxxaAWUYLdmRRulAJuGYQ
lHKkP5XQbvQ,,Ugw5ZFb2EZDXh2Aq20V4AaABAg,False,@MasaharuHirakawa-hv1or,頑張って下さい。吉野党首を尊敬しています。,47,2025-07-04T20:26:41Z,2025-07-04T20:26:41Z,UC0QxxaAWUYLdmRRulAJuGYQ
lHKkP5XQbvQ,,UgyiAZHb7ghSe4UuiX14AaABAg,False,@jk-ff3tj,にほんせいしんかい　と　安倍正雄　と書けばいいだけ　吠えてくれ！ちゃんと見てるで！,21,2025-07-04T19:46:33Z,2025-07-04T19:46:33Z,UCF1s1IuhLsAhYRoyoHbxlow
,UgyiAZHb7ghSe4UuiX14AaABAg,UgyiAZHb7ghSe4UuiX14AaABAg.AKABLhDxfF4AKARvpLjF5S,True,@ミル-c2i,"にほんせいしんかい❌
にっぽんせいしんかい⭕️

大分選挙区→あべまさお
比例代表→よしのとしあき

で大丈夫です♪
間違えやすいからもう名前で書いてとよしりん 言ってました^_^",16,2025-07-04T22:11:26Z,2025-07-04T22:11:26Z,UC1z6qZbJrlVZpTqzhCThtfg
lHKkP5XQbvQ,,Ugwukdpf2CrApWBlH2t4AaABAg,False,@伊-p2s,"20日投票します❤
あべまさお⭕
吉野としあき⭕
日本誠真会❤",48,2025-07-04T17:08:21Z,2025-07-04T17:08:21Z,UC0p_a20sFQhG6bjavG690ZQ
lHKkP5XQbvQ,,UgykQRZt9yS5CPDeZJB4AaABAg,False,@sachiko441,安倍さん、応援してます！！,49,2025-07-04T13:18:57Z,2025-07-04T13:18:57Z,UCLFfplA8hIIWTr7R3FX0q_w
lHKkP5XQbvQ,,UgzDh8iYgMQE7uzkDVB4AaABAg,False,@ひまわり-o9g6y,"あべさん！
頑張れ🙆
熊本ですが、応援しています🎉",41,2025-07-04T13:12:12Z,2025-07-04T13:12:12Z,UCPr9Ske6pb2md1Kt4oNNiEQ
lHKkP5XQbvQ,,Ugw8UGFncthsN1I5F1Z4AaABAg,False,@white-right,"あべさん応援してます！
まともな人がやっと出てきた！
日本人ならあべさんを応援しますね",38,2025-07-04T12:20:54Z,2025-07-04T12:20:54Z,UCH95vNhYr_URub2UPbj9y4Q
lHKkP5XQbvQ,,Ugx8tMuabFkoLfkpR-R4AaABAg,False,@YK-di6ln,#日本誠真会は嘘つかない,44,2025-07-04T12:07:16Z,2025-07-04T12:07:16Z,UCnJdGCPf6FUpNBa6hPO_OSg
lHKkP5XQbvQ,,UgwA1CwgQbXT3bB7Mbx4AaABAg,False,@あずきちゃんと,別府市民です。ポスター貼りのお手伝いをしたかったのですが、高齢の為、出来ません。スタッフ、ボランティアの皆様お疲れ様です。安倍さんに投票致します。頑張ってください！比例は、吉野敏明さんです！！,46,2025-07-04T11:08:45Z,2025-07-04T11:08:45Z,UCI5Rml6rTYkeEAe5MI2vL7A
lHKkP5XQbvQ,,Ugxb5VHVZB2vcpg5Ojh4AaABAg,False,@nyago1286,応援しています📣,58,2025-07-04T11:08:34Z,2025-07-04T11:08:34Z,UCD7HFeMo5THfTtuDIceauEw
lHKkP5XQbvQ,,UgyDpXkao2qVnQc9sNJ4AaABAg,False,@user-bu5cr7sl5e,"大分県
日本誠真会　安倍正雄さん　力強い第一声‼️ 応援してます",55,2025-07-04T10:51:47Z,2025-07-04T10:51:47Z,UC6_2nJZP9eXXoldG-HCIQqA
lHKkP5XQbvQ,,Ugz0R3RHakSFRu_pqBB4AaABAg,False,@ふわふわ-p1f2w,応援しています❤,56,2025-07-04T10:39:04Z,2025-07-04T10:39:04Z,UCEuXIKs7X4VvmYP9fyEQM5A
lHKkP5XQbvQ,,Ugz9jUJc8vRQcVgDIvh4AaABAg,False,@モモ-v4k,阿部さん、頑張って!!  頑張って!!  頑張って〜!!,43,2025-07-04T10:24:20Z,2025-07-04T10:24:20Z,UCYCpU3jroRGk30brUZjhoaA
lHKkP5XQbvQ,,UgyHSiJz1qPoVVqjDLd4AaABAg,False,@aqua9595-8,"安倍まさおさん🎉
頑張って下さい😊",45,2025-07-04T10:19:29Z,2025-07-04T10:19:29Z,UCSRJx_66StEUfPYSOCAvujQ
,UgyHSiJz1qPoVVqjDLd4AaABAg,UgyHSiJz1qPoVVqjDLd4AaABAg.AK9ASPAMtyUAKAeSD-VQNP,True,@AKi-yk5qm,阿部さん頑張って下さい。日本誠真会を応援してます🎉,6,2025-07-05T00:09:35Z,2025-07-05T00:09:35Z,UCB0yiRWEhTa42by3TRlAAYw
lHKkP5XQbvQ,,UgxOuKO455mxu2EH1YB4AaABAg,False,@山口芙美子-r1i,安倍さん応援してます😅,47,2025-07-04T09:56:23Z,2025-07-04T09:56:23Z,UCaOeY9EWXDxE-WNSzFYFlcw
lHKkP5XQbvQ,,UgyDaHbYQuF5gMKjm5J4AaABAg,False,@shihono-n9m,"応援しています！
日本誠真会！
安倍さん！
みなさんよろしくお願いしますm(_ _)m",53,2025-07-04T09:45:20Z,2025-07-04T09:45:20Z,UCif0V5mPwYiaArxbxd1b0BA
lHKkP5XQbvQ,,UgzcL70490qfxDBQ40R4AaABAg,False,@ふぅちゃんハチワレハッピーワールド,"あべ　まさお　さん😊
強い💪応援してます",55,2025-07-04T09:37:59Z,2025-07-04T09:37:59Z,UC0AGxUjjd0zJzz7wMHgknKQ
lHKkP5XQbvQ,,Ugw2tIaghhl6bC_CEk14AaABAg,False,@0saya9,❤❤❤,36,2025-07-04T09:37:00Z,2025-07-04T09:37:00Z,UCmebqDfR7MWS-ZtiZl06u0Q
lHKkP5XQbvQ,,Ugy1p4s7Sa2mLi9ClyB4AaABAg,False,@365diary2,応援していますね！！気持ち、しっかり伝わりましたよ🎉,66,2025-07-04T09:23:15Z,2025-07-04T09:23:15Z,UCC1ksYeknAd6tX4jWQwOjaQ
lHKkP5XQbvQ,,UgwSv2oK-lu_8ZSxPOB4AaABAg,False,@sparkt8s94,公平に取り上げてくださるメディアさんに感謝です😃,87,2025-07-04T09:22:18Z,2025-07-04T09:22:18Z,UCrUXIu46IveG_yNbQvL18mQ
lHKkP5XQbvQ,,UgxhvXEbww7rEPV9S7x4AaABAg,False,@美佐-m9t,応援しています😊当選しますように✨✨✨✨,70,2025-07-04T09:03:25Z,2025-07-04T09:03:25Z,UCoLB75A0NVpScTdht-Upa2w
lHKkP5XQbvQ,,UgwEx9lEm9YyY2M8aJJ4AaABAg,False,@みみ-o9p7j,安倍まさおさん　応援してます！,74,2025-07-04T08:46:44Z,2025-07-04T08:46:44Z,UCwjhBdI6eVtxZBLRn0AAqqw
lHKkP5XQbvQ,,UgwwSsIgIhw9aDaArkJ4AaABAg,False,@akemi.y,"応援してます🙇‍♀️
福岡も日本誠真会応援してます🙇‍♀️",71,2025-07-04T08:19:29Z,2025-07-04T08:24:36Z,UCWlNFia5R5I0LyQQ7qPk_Zg
lHKkP5XQbvQ,,UgyuxR_FPX5tIGUCJYF4AaABAg,False,@がりころ赤原,日本誠真会、応援します!,106,2025-07-04T08:16:44Z,2025-07-04T08:16:44Z,UCYu3mJXvhqQYexU4lss0Grg
lHKkP5XQbvQ,,UgzCi8ivs_iza3b7_J94AaABAg,False,@ms-kz3wi,チャンネル登録もしております！！,54,2025-07-04T08:16:30Z,2025-07-04T08:16:30Z,UCJOBTP5KPgPMZ9775Yc7T6A
lHKkP5XQbvQ,,UgwgAWrWkRwTaEKw2kB4AaABAg,False,@ms-kz3wi,神奈川県より応援しております！！,70,2025-07-04T08:16:12Z,2025-07-04T08:16:12Z,UCJOBTP5KPgPMZ9775Yc7T6A
lHKkP5XQbvQ,,UgxUu2DJdRLPsmcb8d54AaABAg,False,@yfnr4148,奇跡をおこす,77,2025-07-04T08:11:20Z,2025-07-04T08:11:20Z,UCeAVmSnVxKOSrcA9YSKyC1A
lHKkP5XQbvQ,,UgwygI6-FjQoO3Wq3F14AaABAg,False,@minari_k1006,安倍さんを絶対当選させてください！,109,2025-07-04T08:10:22Z,2025-07-04T08:10:22Z,UCjYsWbfk9yadTDuJlEHcqwA
lHKkP5XQbvQ,,UgxkaPW0WOIrGuHWmtl4AaABAg,False,@rinrin-v2e,"安倍まさおさん🎉
私は大分市民です‼️
絶対安倍さんに入れます。
そして比例区には、よしりんを入れます。
絶対に日本を治しましょう❤
皆で頑張りましょう。
応援してます✨
暑さには気をつけて下さい‼️",75,2025-07-04T07:45:49Z,2025-07-04T07:45:49Z,UC5rggLOIcO21-W2Q4adpY9w
,UgxkaPW0WOIrGuHWmtl4AaABAg,UgxkaPW0WOIrGuHWmtl4AaABAg.AK8trqy270_AK9-rH8SrtM,True,@富子岩崎-i7e,他県です。比例区で頑張ります。地元の方々よろしくお願いいたします😊❤,17,2025-07-04T08:46:54Z,2025-07-04T08:46:54Z,UCYvjPyRyIhybVsHv7_tZuyQ
lHKkP5XQbvQ,,UgzUl4oGbCKnQWfSebF4AaABAg,False,@宏-u9m,日本誠真会応援してます‼️,91,2025-07-04T07:40:11Z,2025-07-04T07:40:11Z,UCz2CZfDKIq-Rxauj1s_IQHA
lHKkP5XQbvQ,,Ugx9b5n47cKUaZQbPB94AaABAg,False,@ArcMoon_41,頑張って下さい！,83,2025-07-04T07:21:51Z,2025-07-04T07:21:51Z,UCTjKOnrNGIjKKWSfbIFT_JQ
lHKkP5XQbvQ,,UgylokHVWP95SPboGId4AaABAg,False,@あおうみ-l5k,九州民です、安倍さんのような方が立候補してくださり嬉しいです！応援しています,88,2025-07-04T06:55:56Z,2025-07-04T06:55:56Z,UCO2ZUIlD4GFEAmEfALWF7Tw
lHKkP5XQbvQ,,UgxNK4ZdgGMHeUrK-GB4AaABAg,False,@user-zr8hu1ch5g,応援しています！,89,2025-07-04T06:55:12Z,2025-07-04T06:55:12Z,UCLVjuIgS9ytU9kyctNnhROw
lHKkP5XQbvQ,,UgwXtq3uMiOC66GsKsB4AaABAg,False,@yellgask,お疲れ様です。あべまさおさん頑張れ。,78,2025-07-04T06:54:21Z,2025-07-04T06:54:21Z,UCNi8ZFxVIeoGVnWzVEMOY8w
lHKkP5XQbvQ,,UgyV82Ed3cdudp9ZSE14AaABAg,False,@藤井美由紀-p4z,嘘つかない‼️,82,2025-07-04T06:53:57Z,2025-07-04T06:53:57Z,UCDxUzPwZKHCLwtHllA-sTIQ
lHKkP5XQbvQ,,UgyKC5Gyh_jpY-zje3x4AaABAg,False,@藤井美由紀-p4z,頑張って👍🎉,76,2025-07-04T06:53:06Z,2025-07-04T06:53:06Z,UCDxUzPwZKHCLwtHllA-sTIQ
lHKkP5XQbvQ,,UgxdTV0KazEoVL3xRed4AaABAg,False,@スミスミ8,中国🇨🇳よりの自民党さん,28,2025-07-04T06:52:05Z,2025-07-04T06:52:05Z,UCRvy6noODdaY4g5RY68EbrQ
lHKkP5XQbvQ,,Ugy-Mck5s4e23S7GSnF4AaABAg,False,@スミスミ8,売国自民党さん,2,2025-07-04T06:51:27Z,2025-07-04T06:51:27Z,UCRvy6noODdaY4g5RY68EbrQ
lHKkP5XQbvQ,,UgyeblBtYjyUqTenHVx4AaABAg,False,@スミスミ8,もっゆって〜,47,2025-07-04T06:51:06Z,2025-07-04T06:51:06Z,UCRvy6noODdaY4g5RY68EbrQ
lHKkP5XQbvQ,,UgwHb_f8RLktO2aMua54AaABAg,False,@スミスミ8,日本誠真会は嘘をつかない！税は財源じゃあない,94,2025-07-04T06:50:11Z,2025-07-04T06:50:11Z,UCRvy6noODdaY4g5RY68EbrQ
lHKkP5XQbvQ,,Ugxp2BmGmnQ33jm3Ibd4AaABAg,False,@user-pi4dn2zq3h,大分でやっと投票できる人が現れたわ！,103,2025-07-04T06:24:09Z,2025-07-04T06:24:09Z,UC7YhgkgFLsROToWXR8kF_ng
lHKkP5XQbvQ,,UgyhTkpT6L9VcApCmp94AaABAg,False,@ランチさん-b5y,頑張れ、安倍さん！,99,2025-07-04T06:23:05Z,2025-07-04T06:23:05Z,UCTYNCsIZ9AjaBXH-GoafhKA
lHKkP5XQbvQ,,Ugx3wkeakTii2m3whWZ4AaABAg,False,@純-f3d,頑張ってください！応援しています！,81,2025-07-04T06:18:39Z,2025-07-04T06:18:39Z,UC2Atr3SC7sFWEigTwOfmPPw
lHKkP5XQbvQ,,UgywcH0DkezM642ie_J4AaABAg,False,@ぽんぽん-j3r8l,"大分県民、立ち上がりましょう。
頑張りましょう😊",89,2025-07-04T05:59:23Z,2025-07-04T05:59:23Z,UCd7qcfRzxC8b4vLeWbNA3iQ
lHKkP5XQbvQ,,UgxzRvL1xKes63dcwQ94AaABAg,False,@みどりパンダ,日本誠真会！あべまさおさん、１択です😊,89,2025-07-04T05:58:51Z,2025-07-04T05:58:51Z,UC8kzXG0WXHmjsci3J6TK9FA
lHKkP5XQbvQ,,Ugw2x3B_aDiG6vf8s894AaABAg,False,@キョロキョログー,まさおーーーー、いいぞーーーーーー！！,104,2025-07-04T05:09:42Z,2025-07-04T05:09:42Z,UCMoSJ6U1IGK-cyTieQFKQbg
lHKkP5XQbvQ,,Ugx46AtDwZuxqQGIjel4AaABAg,False,@サア-j4z,素晴らしい！！感謝！！,105,2025-07-04T05:01:32Z,2025-07-04T05:01:32Z,UCJYaA9z9OCyKF9a6k1bkqeQ
lHKkP5XQbvQ,,UgyoEbIREqHsFyse3XB4AaABAg,False,@日向弥栄,噓をつかない政治こそが日本国民ファーストの政治。病気も政治も、原因除去療法が大事。消費税は０％（廃止）一択。もう、売国政策にNO！を突きつけましょう。,6,2025-07-04T01:50:09Z,2025-07-04T01:50:09Z,UCjXutteLir3jkjLpVXEwKDg
lHKkP5XQbvQ,,UgwNRLkMNtRnG7E03AZ4AaABAg,False,@みねこ-j6g,日本誠真会阿部さん頑張って下さい❤,122,2025-07-04T00:57:03Z,2025-07-04T00:57:03Z,UCnSCqi4K62uAsjAciCdtmAA
lHKkP5XQbvQ,,Ugz_o8_qgeXM8OdPgL54AaABAg,False,@あつし-y5y,当選だな・・,110,2025-07-04T00:38:44Z,2025-07-04T00:38:44Z,UCMpvg1-4GGkKnfifXUNgvsw
PurIZUe2hsU,,UgzGNzPktWJyvlVH1AV4AaABAg,False,@Kamakura2002,また嘘と誹謗中傷,1,2025-08-14T17:17:53Z,2025-08-14T17:17:53Z,UCwX0OWvt2lwtDZg3CeVjx3w
PurIZUe2hsU,,UgwE2JMiVgr-RrnkK9d4AaABAg,False,@連発ジャグラー,"ここまで自分大好きなオッサン珍しいわ😂
野々村元彦まで出して😂",2,2025-07-06T15:42:23Z,2025-07-06T15:54:05Z,UCexxmiHrCcFbXzmqC3q-vJA
PurIZUe2hsU,,UgyvBRzWf-JRrwufK1d4AaABAg,False,@真一-o9x,"アホの相手するのはやめましょう
時間の無駄ですよ！",2,2025-07-06T11:20:26Z,2025-07-06T11:20:26Z,UCcMWFpWeFeqFyyd85Fdsqkg
PurIZUe2hsU,,UgxOHNVOjZc48X8w0FF4AaABAg,False,@たかのすけ参上,海老沢会長の右腕、冬のソナタを買い付けたなんて言ってましたが、それは本当？,2,2025-07-05T20:54:39Z,2025-07-05T20:54:39Z,UCwJ9PXXXklm9bDCvaitkZiA
PurIZUe2hsU,,Ugw67Ci7HWkypo5rid54AaABAg,False,@ヒデ-l7j,コイツの演説内容って、いつもスカスカで内容が国民からするとどうでもいいことばかりなんだよなぁ😂,7,2025-07-05T14:41:47Z,2025-07-05T14:41:47Z,UC0JYX7aJDsH3leKPHWX9PTw
,Ugw67Ci7HWkypo5rid54AaABAg,Ugw67Ci7HWkypo5rid54AaABAg.AKCDGOmuoAYAKCRJB_dDGm,True,@king28yochi,"松原議員のような難しい話しされてもお前みたいな馬鹿は理解できないだろ？
立花くらいのレベルを聞いて理解できる程度だろ",0,2025-07-05T16:44:30Z,2025-07-05T16:44:30Z,UCnBrxzAOETMrJEurEHeSt_A
PurIZUe2hsU,,UgxjR7f_NVJRRRAB9LJ4AaABAg,False,@Yama-t6t,"この人、NHK党じゃなくて日本全国どこの放送局党でもいいんじゃ無いの？
当選目指すなら人の批判ばかりしてないでこれからの政策とか話す事ないの？",3,2025-07-05T13:57:32Z,2025-07-05T13:57:32Z,UCCi2inSIHl2uauiwxqaxsJA
PurIZUe2hsU,,Ugx-daMIBPYktWqTBPl4AaABAg,False,@吉田あじゅ,ホラッチョ,6,2025-07-05T10:36:25Z,2025-07-05T10:36:25Z,UC9HDbaFJ7YmlH57adzKGzCw
PurIZUe2hsU,,Ugy7bUhvU2TU8IZnDXl4AaABAg,False,@kuumoo564,自分事言ってるわぁ〜,6,2025-07-05T10:28:29Z,2025-07-05T10:28:29Z,UC5AhWB_KLp8sO4NM4IbFrXQ
PurIZUe2hsU,,Ugyu-i4dBqta1ykmlM94AaABAg,False,@user-xp3wb5ut6o,この人執行猶予中でしょ。,9,2025-07-05T10:11:28Z,2025-07-05T10:11:28Z,UCsn4jUTRa04byEZLFKQIDpQ
PurIZUe2hsU,,Ugx-AkmFEXOlDyxxuJx4AaABAg,False,@kingdesuyo,もう病気なんで注目しないでスルーする事が1番！,8,2025-07-05T08:03:06Z,2025-07-05T08:03:06Z,UChXiPWSAtkf3FG9CCW8Wn5Q
PurIZUe2hsU,,UgwuCFAV3TeVOXViBZ14AaABAg,False,@ツナッキーナカノの,ポカリ違和感しかない…そこはミルクティーだろ🫵,2,2025-07-05T07:04:00Z,2025-07-05T07:04:00Z,UCI13OLBCGaWCUvYgYI4qUtw
PurIZUe2hsU,,UgzLWXGCmot1xyA5zWZ4AaABAg,False,@紅葉-t8t,執行猶予中ってのは犯罪者ちゃうんか🤔,10,2025-07-05T01:59:31Z,2025-07-05T01:59:31Z,UCaqNtGSPK3lhpgpxECeQvVg
PurIZUe2hsU,,UgzEKAoEFqEc6ALzQdN4AaABAg,False,@r.chukyo1886,こう言う手法に何故先導されてしまうのか...,5,2025-07-05T01:49:37Z,2025-07-05T01:50:34Z,UCWTVKkfuE-TVH3HOtFH_sOQ
PurIZUe2hsU,,UgzzY4tAovYUYNhuHpB4AaABAg,False,@タクタク-l6y,兵庫県警ババつかまされたな？警護までさせらて！,4,2025-07-05T01:44:42Z,2025-07-05T01:44:42Z,UCMyxX8Re63TYfFcJVHegCuQ
,UgzzY4tAovYUYNhuHpB4AaABAg,UgzzY4tAovYUYNhuHpB4AaABAg.AKApKquFwQaAKDxEuWLT_y,True,@39yamaha-pop,この中国製の帽子を被っている男を捕まえれば余分な仕事が一切なくなるで。😂,1,2025-07-06T06:51:31Z,2025-07-06T06:51:31Z,UCdYKzj7JzFO-GfLzOD8GTrQ
PurIZUe2hsU,,UgxbJutbcL7hEAh1WGl4AaABAg,False,@豊身,嘘つきは早よ豚箱に入れ‼️,3,2025-07-04T19:17:51Z,2025-07-04T19:17:51Z,UC257cZzHo7blkJFWTdZxz2Q
PurIZUe2hsU,,UgzdVbiCHEKHkrcqqeB4AaABAg,False,@こう-h9m,大変だなw、暑いのにw🤣,3,2025-07-04T14:49:31Z,2025-07-04T14:49:31Z,UCQXC82tY3xSiGlSbQUyRodw
PurIZUe2hsU,,Ugy3TPedzJ8i0hOAoTx4AaABAg,False,@ht-rl8qv,嘘つき立花。,4,2025-07-04T14:05:44Z,2025-07-04T14:05:44Z,UCtkWCHCk4hyycMa4DIGVZnA
PurIZUe2hsU,,UgwxN8PWimr6-ANFIct4AaABAg,False,@てんまふくめつ,もう立花スランプ,8,2025-07-04T13:46:56Z,2025-07-04T13:46:56Z,UCuwqPAjgpjB1LSiv7G019Gg
PurIZUe2hsU,,UgxSktQiko1o05CvKYh4AaABAg,False,@かずーき-r2w,NHKをぶっ壊せていない時点で嘘つきｗｗｗ,11,2025-07-04T13:17:27Z,2025-07-04T13:17:27Z,UCVyon03dqxe5qE7GFsbLMug
PurIZUe2hsU,,UgzoS8rE80Vp1aBLjxl4AaABAg,False,@kankan-k6s,コイツの帽子の匂いを嗅ぐ勇気のある人はいませんか？それと脇もワキガと言う噂があります、コイツは逃げずに嘘とデマを流し続ける😂,10,2025-07-04T10:30:15Z,2025-07-04T10:30:15Z,UCNuXx0Uyx9AgwKNeAz9Qu3g
PurIZUe2hsU,,Ugxl7CfRd4xnAU2S-T94AaABAg,False,@ラブLOVE,"菅野さんが、この演説を訴える様な事言ってましたね😅

因みに菅野さんは公人では無く、私人ですよね？
誰かさんの理論では違法になりますよね？w",9,2025-07-04T10:09:13Z,2025-07-04T10:09:13Z,UCyEZdf5j-XgX2f_y0d8_k3g
PurIZUe2hsU,,UgxNBseqhNFHxjW_2fF4AaABAg,False,@Temmando,これを聞いて拍手したり笑ったりしている連中はなんだ？人間か？,20,2025-07-04T08:58:28Z,2025-07-04T08:58:28Z,UC9mUc3UV8CH4hxrzyZphxqw
PurIZUe2hsU,,UgyovRtAcWZG2uwSrs94AaABAg,False,@かかしやまだの,芋づる式に逮捕されるワイあほか！,7,2025-07-04T08:31:31Z,2025-07-04T08:31:31Z,UC7dXvqCbNpqX8746x_Eiyfw
PurIZUe2hsU,,Ugz7ohtXrophCRFBtzt4AaABAg,False,@鬼若丸弁慶,よっぽど小さい頃から虐められたんだな、根性が腐っとる,3,2025-07-04T07:16:55Z,2025-07-04T07:16:55Z,UCFCN-o_qwoA0cpL2G5CXxog
PurIZUe2hsU,,UgyuZ9M6-6o4-5WO2z94AaABAg,False,@鬼若丸弁慶,"どういう育て方をすればこんないい加減な卑怯な人間になるんだろう？
親の顔が見てみたい、まだ生きてるんなら止めたれよ",3,2025-07-04T07:15:07Z,2025-07-04T07:15:07Z,UCFCN-o_qwoA0cpL2G5CXxog
PurIZUe2hsU,,Ugy0v-os4uJDUXDXG-B4AaABAg,False,@ぷーた-i3z,見た目が暑苦しい😅はよやめ,17,2025-07-04T06:46:57Z,2025-07-04T06:46:57Z,UC_S91Klj1yxhym2ggjM1aQA
PurIZUe2hsU,,UgwwmIf5xWq2sbT3bSF4AaABAg,False,@佐井田寿史,トランプも迷惑だろうな,4,2025-07-04T05:32:30Z,2025-07-04T05:32:30Z,UC7tzA1HUzFRzGQ8_jTK7zlA
PurIZUe2hsU,,UgyiOnIw6Pu_ff_bQW94AaABAg,False,@磯野加代,出たァ～～ホラッチョ立花！其の口👄から、クサ～～いデマが、流れて顔から、腐れ始めてます！存在が空しい！控訴して負け続け恥さらしてます。ご了承下さい(笑)ｗｗｗ,2,2025-07-04T04:46:18Z,2025-07-04T04:46:18Z,UCXkMR1-d2G6Orh-ss7Pb2Bw
PurIZUe2hsU,,Ugyyt2b_GC4sF0HwdJ54AaABAg,False,@エイカフェ,う〜そつき〜う〜そつき〜う〜そつき〜奥谷委員長は何もしてないのに勝手に押しかけたのはだあれ？😂,19,2025-07-04T04:37:20Z,2025-07-04T04:39:42Z,UCLOUU83s-M9WLZp7anBufmw
PurIZUe2hsU,,Ugw0gqBdFlFW5izhLxt4AaABAg,False,@ギンパツアクマ,紅茶花伝じゃないね。立花尊師に騙される人は詐欺にご注意下さい😂,20,2025-07-04T03:00:02Z,2025-07-04T03:00:02Z,UC0T7dqI8mcdDJ9iOp9VpWow
PurIZUe2hsU,,Ugw7TmvlYTdlxEwPa7d4AaABAg,False,@taku-u7m,ホランプ、嘘しか言わない,39,2025-07-04T02:34:50Z,2025-07-04T02:34:50Z,UCkgBIC_Xp261VorN2BKLgXw
PurIZUe2hsU,,UgxJumID3ylknFd5RDR4AaABAg,False,@andoutoshio,大嘘つき尊師,43,2025-07-04T02:01:03Z,2025-07-04T02:01:03Z,UCa9fqSTWTnlmv9vm5mflSjg
PurIZUe2hsU,,Ugw8rHrz83JzZkYwaNx4AaABAg,False,@なごみなつみ-e2i,泉房穂が立花孝志を怖がってるはずないやん,33,2025-07-04T01:52:56Z,2025-07-04T01:52:56Z,UCEkv5DjHLQPUi7FUuvaqM1Q
PurIZUe2hsU,,UgxffDEr14thpwOvHYd4AaABAg,False,@hiroshih2947,平気で嘘をつく人やwww,41,2025-07-04T01:39:16Z,2025-07-04T01:39:16Z,UCxS1kgdxYlwu-eFw6MUzrXg
,UgxffDEr14thpwOvHYd4AaABAg,UgxffDEr14thpwOvHYd4AaABAg.AK8EvBX-24IAK8jTGXfwd1,True,@霜中良則,嘘付いてる自覚はないだけで端から見たら嘘です,9,2025-07-04T06:14:56Z,2025-07-04T06:14:56Z,UCwoXimtsJrXWHxjCk2ev7iA
PurIZUe2hsU,,Ugzhr0I9sbEdtYR2Z6J4AaABAg,False,@くろパンダ,立花は全部嘘‼️立花自体が犯罪者‼️😱,3,2025-07-04T01:20:50Z,2025-07-04T01:20:50Z,UCXYswalndBlOT3UYu_nat6w
PurIZUe2hsU,,Ugxegp7yaK07ug-ErX14AaABAg,False,@bio7605,海老名市の公務員の給料を２倍にするはどうなったのか？,20,2025-07-04T01:15:35Z,2025-07-04T01:15:35Z,UCtowYWZhzDqaUcJA89z9LBg
PurIZUe2hsU,,UgybXDpcUlzn-nrrZd94AaABAg,False,@bio7605,ウソも１００回言えば本当になると思っているのか？,44,2025-07-04T01:14:39Z,2025-07-04T01:14:39Z,UCtowYWZhzDqaUcJA89z9LBg
PurIZUe2hsU,,Ugz2vCeBvcoh0t31fyl4AaABAg,False,@bio7605,毎度クソみたいな事やってますね。,39,2025-07-04T01:13:55Z,2025-07-04T01:13:55Z,UCtowYWZhzDqaUcJA89z9LBg
,Ugz2vCeBvcoh0t31fyl4AaABAg,Ugz2vCeBvcoh0t31fyl4AaABAg.AK8C0U7QfMMAK8irFCbUaR,True,@霜中良則,"この演説、今回の参院選と何の関係があるのか
全く関係ないですよね！",8,2025-07-04T06:09:37Z,2025-07-04T06:09:37Z,UCwoXimtsJrXWHxjCk2ev7iA
PurIZUe2hsU,,UgwADXtYSc9gpcMStIp4AaABAg,False,@mrnajapan,ピエロやな（笑）,26,2025-07-04T01:05:27Z,2025-07-04T01:05:27Z,UCPePVwpLuauDVMfaaEk8Njg
PurIZUe2hsU,,Ugzy4sLN-amdUU6B0pR4AaABAg,False,@おばちゃん-w1t,逮捕はされないけど起訴されてる,52,2025-07-04T00:17:00Z,2025-07-04T00:17:00Z,UCkPb4joQG4wZrSXh7WwprqA
N3Q8---eACQ,,UgwY33Mv1ZJU0nG2syp4AaABAg,False,@山本政宏-f2l,岡山県在住です。比例区５人当選目指して頑張りましょう！,0,2025-07-05T18:02:11Z,2025-07-05T18:02:11Z,UCUk-a1Aq1tqbVdjPJT0FwRA
N3Q8---eACQ,,UgzIm8G60kjjytWrY714AaABAg,False,@柊-y3h,暑いのでお身体気をつけてください。❤,1,2025-07-05T04:45:22Z,2025-07-05T04:45:22Z,UCluVQmVRGW5_pvwjUcIP38w
N3Q8---eACQ,,UgzW3TN0hKZNEY8HOpZ4AaABAg,False,@taco1939,お疲れさまです,2,2025-07-04T07:51:32Z,2025-07-04T07:51:32Z,UCaiSz6w16kGop-ap1TLYf3A
N3Q8---eACQ,,Ugz95ui-O6nT8xtBNjV4AaABAg,False,@ryukyu1180,👍👍👍,2,2025-07-04T04:25:36Z,2025-07-04T04:25:36Z,UC0TdvPSvhY4T4JtX3K5_g3w
X_3_iZGiR5U,,UgxaeTYNjMjy9zPtyS54AaABAg,False,@TAKA-sy3rq,"福山哲郎（帰化前氏名：陳哲郎議員）参議院議員の応援・・・？

山本サン。
あなたも帰化人ですか？",0,2025-07-16T08:54:38Z,2025-07-16T08:54:38Z,UC2SCM_6FWsrhq0U2xOMp4mA
X_3_iZGiR5U,,Ugzs7XeH4HbK9gpKX8J4AaABAg,False,@白百合-l9u,山本わかこさん、応援してます。立憲民主党に政権獲得させ、食料品消費税ゼロを味わってみましょう。,0,2025-07-03T22:37:57Z,2025-07-03T22:37:57Z,UCAmd6RhpkC97drA7lT_yaBA
X_3_iZGiR5U,,UgzbStDn0iRtgOxeDaN4AaABAg,False,@nayo-n2b,立憲は帰化人党ですか？,0,2025-07-03T16:59:28Z,2025-07-03T16:59:28Z,UCUUJre5S8YfBeLM3Y-mqnPw
Tvh2A3TJAcw,,UgwkzvUh2Jmpipi8xjV4AaABAg,False,@gong5285,最近の政府は異常に悪いよな。,3,2025-07-06T14:25:14Z,2025-07-06T14:25:14Z,UCkReWNTYfK-Rv3psVFj0kIw
Tvh2A3TJAcw,,Ugy0zqTWh0CC63-ei3J4AaABAg,False,@eme4296,強制徴収されている再エネ賦課金を知らない人に周知させましょう,5,2025-07-04T10:21:50Z,2025-07-04T10:21:50Z,UCKIMGOFtuspk5QreAYopbhg
Tvh2A3TJAcw,,UgyedVGmu70dLCBpyBh4AaABAg,False,@自然と科学が人を救う,メガソーラーパネルでも 再エネ 付加金を取るみたいだけど 原発の維持管理費 でも今度 お金取るみたいよ、 一番は節電と節約とケチかな、,1,2025-07-04T02:17:24Z,2025-07-04T02:17:24Z,UCh9x-4Mx3CQqhQCNEqEv1TA
Tvh2A3TJAcw,,Ugxag__4jhXay0we0uJ4AaABAg,False,@mitukana9217,ｘで共有します。上手く共有できませんでした😅,1,2025-07-04T01:54:39Z,2025-07-04T01:54:39Z,UC8f0vPKsH8eAzJhIKgW_gCA
JuqutbIRQhs,,UgxA0E3x-IsEqS-gQ-Z4AaABAg,False,@waka3795,"れいわが、この場合の高齢とは高齢出産の35歳以上だー！だから云々とかエクストリームマスコミ擁護発言してましたね。
近視眼的な支持者ならまだしも、まさか議員まで発言するとは・・と思いました。
ここ最近、れいわの参政憎悪が強くなっていると感じます。
何の得にもなりはしないので、もっと別の支持層開拓に注力すればよいのにと思います。重要な積極財政勢力なのだから。",0,2025-07-04T22:50:43Z,2025-07-04T22:50:43Z,UCpTTMnfkN0k5EajPTTqPjsw
JuqutbIRQhs,,Ugw7bmqUiX0IKqk_4cp4AaABAg,False,@そよ風-x2j,安藤さんが日本の財政・金融・税理分野の面で、参政党を補強してくださってありがたい！書きますよ,1,2025-07-04T02:08:16Z,2025-07-04T02:08:16Z,UCvAVKdOFOHukVv1gVhqVTbw
JuqutbIRQhs,,UgxzcOSG11khC9Zj7Uh4AaABAg,False,@いちごミルク-n8g,"神谷さんの発言は高齢化女性を排除したり差別するような意図は無いと思いますが、わざわざそれを言う必要もなかったと思います。
妊娠出産適齢期の女性に安心して子どもを産み育ててもらうという話だけでいいのに、わざわざ「高齢女性は～」などと言うから勘繰られてしまうんだと思います。
リベラル派やフェミニストはそういう言葉に敏感です。

自分たちにそんな意図はないのに、悪く解釈されてしまうということはよくあることだし、選挙期間中は特にネガティブキャンペーンも激化するので、気を付けたほうがいいと思います。",0,2025-07-04T02:04:00Z,2025-07-04T02:04:00Z,UCimbdV9CebajU2tSG8a26ow
JuqutbIRQhs,,UgyGHdzQohJMe1sHWhF4AaABAg,False,@ネカマおやじ,"比例で必ず投票します。
頑張ってください😁",1,2025-07-03T21:54:39Z,2025-07-03T21:54:39Z,UCudEprZtu8JzQtCjMA2Ozkw
JuqutbIRQhs,,UgxC7oYxPFJKccpIiKJ4AaABAg,False,@syuttyou-by7qo,朝ラジオではアメリカからの輸入を増やすためには日本の景気を良くする必要があるが、石破と森山はプライマリバランスの堅持をゆずらなかったので、交渉決裂状態らしいとやっていた,2,2025-07-03T21:46:52Z,2025-07-03T21:46:52Z,UCWM0ScKUKNQSzBQRhBMhM-g
JuqutbIRQhs,,UgwujBXef_lzm99DfpF4AaABAg,False,@kimitakakamiya9201,宮出さんのDIY通信が投函されていたのですが、この中で「国債発行で年金アップ」との記載があるのですが、この表現だと、若い人の負担で年寄に金配るのか？と言う誤解が生じませんか？　もう少し丁寧な説明が必要と思います。,2,2025-07-03T18:56:54Z,2025-07-03T18:56:54Z,UCWB-omyZZ5p5mbinP3nlm8Q
JuqutbIRQhs,,Ugz5RHQIuianEuYAd5l4AaABAg,False,@yoshiyoshi1821,"全国比例は必ず「安藤裕」さんに投票します！
勝ちましょう！",9,2025-07-03T16:54:07Z,2025-07-03T16:54:07Z,UCFxDQY8ZX1_WLWFwZIrQJkg
,Ugz5RHQIuianEuYAd5l4AaABAg,Ugz5RHQIuianEuYAd5l4AaABAg.AK7IovDH0mXAK8Ue-fomiS,True,@user-halfdollar,"余計なおせっかいかもしれないけど、「あんどう裕」らしいんで、
漢字でも大丈夫だと思うけど気を付けてな！",0,2025-07-04T03:56:44Z,2025-07-04T03:56:44Z,UCSQ7EdA2SEPHBqE7ZmPi7Gw
JuqutbIRQhs,,UgyB66QgrqlJ6Sevr0V4AaABAg,False,@SON99ify,"今は日本人ファーストがヒットします。
特にインバウンドの多い地域では、日本人の９９％が生存危機を感じています。
あの、さとうさおりさんが、千代田区で自民＆都ファを倒したのも、減税に日本人ファーストを加えたからです。
演説に是非とも加えて下さい。",4,2025-07-03T16:53:21Z,2025-07-03T16:53:21Z,UCvbplVcYbwkyhdrYsLvsKsw
JuqutbIRQhs,,UgxGJjxHdNv9RLsvDRh4AaABAg,False,@SON99ify,"１７日間
燃えましょう！！",5,2025-07-03T16:36:01Z,2025-07-03T16:36:01Z,UCvbplVcYbwkyhdrYsLvsKsw
JuqutbIRQhs,,Ugw0X1vaUXNgzaHmBq54AaABAg,False,@稲本裕也,安藤さんダイナさん参政党のスタッフの皆様、お疲れ様でしたぁ😊連日暑いので体調管理して下さいませ✨️,7,2025-07-03T16:17:45Z,2025-07-03T16:17:45Z,UCU69B7qJ9LSrESethE9wRtg
JuqutbIRQhs,,UgyorKq1HKmnQ9X9g_B4AaABAg,False,@user-nt7fp1oj6r,「あんどう裕」と書きます！,13,2025-07-03T15:20:24Z,2025-07-03T15:20:24Z,UCBUN0kJiN2diCAetpIfw7GQ
JuqutbIRQhs,,UgxlXrkPL5BgzmwAXBl4AaABAg,False,@Hilotaka2649,"安藤さん毎日勢力的な活動本当にお疲れ様です
自分は千葉県民なので
1枚目は中谷めぐ
2枚目はあんどう裕
と書きます！",11,2025-07-03T15:17:57Z,2025-07-03T15:17:57Z,UCU3dCYF82PTv7E8pskwKTng
AKCiteC4Law,,UgzNVvutXrvkGkAaHpl4AaABAg,False,@リンチキ,給付を一括りにバラマキっては違うと思いますよ。,0,2025-07-17T09:21:01Z,2025-07-17T09:21:01Z,UCd-3nHCP2QayN3K1YIwxQiQ
AKCiteC4Law,,UgxWYb-LXL7luBAKJk54AaABAg,False,@南海出通-b6r,"その外国人に対する寛容な態度を保守派の人に１ミリでもむけてくれると嬉しいな。
でも極左の人が寛容なのは弱い人、いやいや強い自民と対極にいる人だけだもんなあ。",0,2025-07-14T04:44:40Z,2025-07-14T04:44:40Z,UC2AV6rzg0eDXW-EFLEj7uMg
AKCiteC4Law,,Ugx5ECmT1Pz9kj0Y2M14AaABAg,False,@luroufan9330,"減税言ってる政党を一括りにせず、それぞれに言及してください。
れいわだけは選挙の時だけじゃなく、ずっと消費税廃止を言ってますね。
消費税廃止は今現在の物価高の問題に対してだけではなく、この３０年の、裏金問題に表れた自民党政権と大企業の癒着、そこからの格差拡大、排外主義にもつながる自己責任の押しつけなどを覆し、誰でも安心ぢて生きていける、まともな政治、まともな経済のある国をつくっていく為の一つだと思います。
消費税は法人税減税の穴埋め",0,2025-07-08T10:04:46Z,2025-07-08T10:04:46Z,UCrpMJAyYjY9weDVEvv1MrHA
AKCiteC4Law,,Ugyv-S1AK861NS6B1Xh4AaABAg,False,@YUKOKUKISHIDAN,"野党全部、一括りにしてバラマキなんて無責任なこと言わないでよ！れいわ新選組も国民民主も、一貫して減税って言ってるでしょうよ！
あんたらの発言こそ、番組の人気取りたいだけのポピュリズムじゃん？",1,2025-07-04T22:22:29Z,2025-07-04T22:22:29Z,UCcsGT_ZXsSfpFCfFR--LK5Q
,Ugyv-S1AK861NS6B1Xh4AaABAg,Ugyv-S1AK861NS6B1Xh4AaABAg.AKATBpk_NjFAKAULRCq8Nt,True,@スーパーサイヤ人-q8z,国民、「土壇場で減税必要無い」つってんじゃん😂ww,4,2025-07-04T22:32:32Z,2025-07-04T22:32:32Z,UCOcyo5vnTYhdBCcmwHC-1oQ
AKCiteC4Law,,UgzTQFHobHq5GPOdcM14AaABAg,False,@ebisuyoshijazu,"世界最悪wwwの財政状況wwww
ザイム真理教ですかｗｗｗｗ",2,2025-07-04T06:41:38Z,2025-07-04T06:41:38Z,UC0iNZ3oshuuERx6KgmWecIg
AKCiteC4Law,,UgzpvqM3wuMWktMRirl4AaABAg,False,@YK-zm9sx,財務信理教？,4,2025-07-04T05:47:51Z,2025-07-04T05:47:51Z,UCv6aG4ctLEVBgj--FsNSWnw
AKCiteC4Law,,UgyywKztSg6ZAR4-gDt4AaABAg,False,@山端浩一,外国人対策にかけている税金より消費税で国民から搾り取っている金の方がでかいでしょう。社会保障にも回して無いしね。外国人排斥は自民党の論点ずらしだね。,0,2025-07-03T22:37:47Z,2025-07-03T22:37:47Z,UCTKWcWMM4WraokaXiGv_ZwQ
AKCiteC4Law,,UgyuAlEH7JsMiwk0ZRd4AaABAg,False,@baha1990ma,誰も再生してない・・・・人気ないねえ,0,2025-07-03T17:01:43Z,2025-07-03T17:01:43Z,UCjYltV5kARoavtYyEUMjE1w
5071W4G9KEU,,UgyVofYxdIacN6AigZp4AaABAg,False,@ありゃま-n4o,立候補したのか？自民党以外なら良い事だ、真面目に国民の為に頑張れよ,0,2025-07-04T04:01:58Z,2025-07-04T04:01:58Z,UCxGmQJx4rRfUxUNDdtpP9Ag
4jfGFC9nR90,,UgzPdhkCGtdFs4yPx1p4AaABAg,False,@おっつん-i5u,どうコメして良いのか理解に苦しみます😂,2,2025-07-04T10:18:18Z,2025-07-04T10:18:18Z,UCDhA_vx1IRBzpbRnz3eU-lw
YAaFQB-HeME,,UgxjueorjVVTpXIqL4J4AaABAg,False,@mame8,さいとうさん、ストレートに高校生に通じたのだと思いました🎉🎉🎉,4,2025-07-04T08:35:46Z,2025-07-04T08:35:46Z,UCWt6qzEP3pzZXY4kv4Z7Y3Q
YAaFQB-HeME,,UgwFlwD8HiFza-jb5uZ4AaABAg,False,@やすきち-c9t,さいとうさんレベルあがりましたね,7,2025-07-04T01:50:29Z,2025-07-04T01:50:29Z,UCcfZ9HPKcOqkf9vRkitVxpA
YAaFQB-HeME,,Ugz7zSILM_ihla0ibDh4AaABAg,False,@満尾ちえ子,"しばき隊が集団でN党の演説妨害に来なかったか？　過日、難波氏がユーチューブで暑い日が続いているので抗議行動は控えるとお仲間に呼びかけていました。個人でどうしても行きたい方はご随に…と。
斉藤知事の定例会見は相変わらず集団で喚いています。😂",7,2025-07-04T00:48:12Z,2025-07-04T00:48:12Z,UCoStBjWpHKDV-t_vZGKruuw
YAaFQB-HeME,,UgwlNzxyojbflWFsqBF4AaABAg,False,@にゃーこママ,NHK党には　優秀な浜田参議院議員、斉藤参議院議員が居られます。😚斉藤さんは話し上手です。兵庫県の知事選挙では立花さんから選挙の大切さを教えて頂きました。　この度の投票は立花さん、比例はNHK党　一択🎉,12,2025-07-03T23:43:36Z,2025-07-03T23:43:36Z,UCd9QWa1s3ADhBbwp-JTKvAA
YAaFQB-HeME,,Ugzlrbwxk7Bsmo9vNN94AaABAg,False,@honda-o4u8p,お前喪、人間失格ですね、恥ずかしいですね、😂😂😂😂😂,1,2025-07-03T18:22:55Z,2025-07-03T18:22:55Z,UCpaDRF3RDu9QPEIYfMlK5Ng
1h3UNWktyZQ,,UgwR0NOJs2u2XF5KIs94AaABAg,False,@yoppy5287,"選挙当日に限らず投票日が都合
悪ければ期日前投票も出来るだろ",0,2025-07-04T13:52:50Z,2025-07-04T13:52:50Z,UCnoOVLZuUgA1fAKaN9zvIaQ
,UgwR0NOJs2u2XF5KIs94AaABAg,UgwR0NOJs2u2XF5KIs94AaABAg.AK9YrzSORrFAK9ZRPYUBnx,True,@noburadi,そうですね！本編(生配信)では期日前についても触れさせていただきました！いい制度ですよね！補足ありがとうございます！😊,0,2025-07-04T13:57:48Z,2025-07-04T13:57:48Z,UCHVNRGbi_rdbVvJryE0raFw
3hk8XYxxSKc,,UgxyNRAaaWkeoOquYiB4AaABAg,False,@keiyoshim421,富永あけみさん、明るくて温かくバイタリティーのある方ですね。,0,2025-07-04T08:09:54Z,2025-07-04T08:09:54Z,UC9huKguSngIN1HiEEvZD2KQ
3hk8XYxxSKc,,UgyDJ0M8RNUWRpDoY2x4AaABAg,False,@keiyoshim421,よしりんの指導に従って、4毒抜いていたのも良かったんだと思います。続けてくださいね。,1,2025-07-04T07:55:04Z,2025-07-04T07:55:04Z,UC9huKguSngIN1HiEEvZD2KQ
3hk8XYxxSKc,,Ugz9ig05UAmrc_xLEXR4AaABAg,False,@かずひこ橋本,知ってることと　出来ることは違う,0,2025-07-04T03:40:23Z,2025-07-04T03:40:23Z,UCgCpU-17tMMkBQYZ75jUdBQ
3hk8XYxxSKc,,UgzP4ViaRLHcPU0HWd94AaABAg,False,@池田典子-l8z,奈良在住ですが　佐賀市高木町で育ちました。　毎夏　川上峡に泳ぎに行ってました。　そして　白玉饅頭を買ってもらって　食べてました。,0,2025-07-04T01:43:53Z,2025-07-04T01:43:53Z,UCJEYMgIOFjcQJNXm9MYAvXA
3hk8XYxxSKc,,UgwBoyYyk9M-zyPsYeF4AaABAg,False,@lvnrjujt,"富永明美さん、気立が良く感じの良い方ですね❣️
こういう議員さんが増えると良い社会になると思います。
応援しています💪",0,2025-07-03T23:09:08Z,2025-07-03T23:09:08Z,UCLklhVmIbyETuzJWDRvuLTw
3hk8XYxxSKc,,UgyeZ_QDFiZfRiGSifp4AaABAg,False,@_hiro-hiro_,全国の人が祈っている事と思います！お身体大切にしてご活躍下さい🙏,6,2025-07-03T20:11:28Z,2025-07-03T20:11:28Z,UCZZFZ0OxNgy4N0SgaWvkvcg
nCGTRSG0Ch8,,UgyhuZHviRoBUCRS1rx4AaABAg,False,@半ライス大盛りkomekome,"肌の色や目の色や住んでいるいる場所で差別をしてはいけない。
人は対等平等なんだよね。
差別や分断を煽る様な政治家はいらない。
仮想敵国を作って『某国が攻めてきたらどうする』と、国民の不安を煽って、そうならない為の外交努力もしないで軍拡を推し進める政治家もいらない。
そういう、差別、分断、不安を煽る様な人は国会から退場してもらおう。",1,2025-07-04T12:14:17Z,2025-07-04T12:14:17Z,UCI6kFRZdU_MsLaFB2l1pSAw
nCGTRSG0Ch8,,Ugy_7Na33A1xfiidxol4AaABAg,False,@mimitarou111,差別、分断を許してはならないです。生活が苦しいのは政治の責任！高橋誠一郎さんの言うとおりです。応援しています！,4,2025-07-04T04:10:40Z,2025-07-04T04:10:40Z,UCxAL0Kqj0YGkcpNJsoHFfHQ
nCGTRSG0Ch8,,UgyHbbHspsoHm74S5TZ4AaABAg,False,@江尻加那,"その通り！

批判や不信の矛先を間違えると最後は自分に降りかかってくることは歴史の教訓です。",5,2025-07-04T03:03:07Z,2025-07-04T03:03:07Z,UCo8hciipmn3FN2aM-O_wbiw
nCGTRSG0Ch8,,Ugxwz1lSKNcZTTJSDFh4AaABAg,False,@宇田貴子,"そのとおり！

全ての人の尊厳が守られる社会に！",5,2025-07-04T02:55:00Z,2025-07-04T02:55:00Z,UC-mNS7pvURdVTegiGR-mXhQ
nCGTRSG0Ch8,,UgwLbHVrG_rTowLMYG94AaABAg,False,@jcp-chinatsu,外国人も高齢者も、障がいのある人も、すべての人が生きやすい優しい社会を実現してほしいです！,4,2025-07-04T02:28:17Z,2025-07-04T02:28:17Z,UCRVdnq-KVpAOj5LCYm-VFFA
nCGTRSG0Ch8,,Ugyp-JViavP9e4frYTp4AaABAg,False,@長野准一,"「〇〇ファースト」といった主張は差別につながると心配していました。
髙橋候補の動画を見て、生きづらさの責任は自民党政治にあることを再確認しました。",3,2025-07-04T01:58:45Z,2025-07-04T01:58:45Z,UCNnlTrusN4Hxt2Y4kFsrAWQ
EpXHqfOvg98,,UgxqtG9OQ2hl6uAvooR4AaABAg,False,@カッコいい大人,当選前は受かりたいから信念は有るけど当選後は幻みたいにきえるんやろな？,0,2025-07-04T09:54:14Z,2025-07-04T09:54:14Z,UCM7I45GjiHeqPioQqUoTnpQ
rAeeR_jSYek,,Ugz8aixmkLCpLXPcTmZ4AaABAg,False,@突貫工事-b8x,"へぇー運転免許でいいのか？漢字書けねぇけどひらがなで書いても問題ねぇだろ
あれだろ？投票権2枚渡されっから1枚目はチームのアタマ誰にするか
2枚目はどこのチームが最強か書けばいいんだろ？",0,2025-07-06T09:02:32Z,2025-07-06T09:06:50Z,UCvp__TcyFMyU1c4VDmL0sBg
rAeeR_jSYek,,Ugw49mQsfahZMztogW14AaABAg,False,@Chalicemoon,いいね　わかりやすいのかな　次は　シャイな　オタクたちの　ために　選挙に行くことを　応援してあげるように　伝えて　あげてくれ😊😊😊😊😊😊,0,2025-07-04T16:35:02Z,2025-07-04T16:35:02Z,UCS7-J9UtUxX7stslZ3ob3bA
,Ugw49mQsfahZMztogW14AaABAg,Ugw49mQsfahZMztogW14AaABAg.AK9qQyTgE7GAKACN1gYfGk,True,@noburadi,ありがとうございます😊,0,2025-07-04T19:55:28Z,2025-07-04T19:55:28Z,UCHVNRGbi_rdbVvJryE0raFw
rAeeR_jSYek,,Ugz39miXnIsAKmGI7Zh4AaABAg,False,@佐々木こずえ-i6z,"ちゃんと調べて、実績のある政党に投票してくださいね
実績あるのわ！公明党です
国民の目線のとうですよ",0,2025-07-04T12:37:43Z,2025-07-04T12:37:43Z,UCEHssvg_KPeIWfSLI4YBv4w
,Ugz39miXnIsAKmGI7Zh4AaABAg,Ugz39miXnIsAKmGI7Zh4AaABAg.AK9QGm_AcSQAK9Vl59NCxh,True,@noburadi,コメントありがとうございます！📝,0,2025-07-04T13:25:41Z,2025-07-04T13:25:41Z,UCHVNRGbi_rdbVvJryE0raFw
rAeeR_jSYek,,UgzR5aXz_QXFu3OuOf94AaABAg,False,@ミピロ,"(笑)笑っとるやん😆
でも、若い方に伝わる投票のやりかた、行き方、投票の仕方を伝えていただきたい。大事ですよ👍
この方位かな⁉️わかりやすく、若い人にも理解しやすい行き方は。
あとは、どの党がどうゆー考え方の党なのか、とか伝えてほしいですねー😌選挙まで近いからどんどん拡散していただきたい。

オジサン、オバさんが普通に「若い人も選挙に行きましょう」とゆーより伝わり安いのでは⁉️

ヤンキー風もオモロイ(笑)",0,2025-07-04T06:40:58Z,2025-07-04T06:40:58Z,UCEUZ8vFD78vg52nSoBTVDpA
,UgzR5aXz_QXFu3OuOf94AaABAg,UgzR5aXz_QXFu3OuOf94AaABAg.AK8mRvpxaLdAK8owhMPgpR,True,@noburadi,ありがとうございます！これからもいろいろ発信していきたいと思います！🫡,0,2025-07-04T07:02:47Z,2025-07-04T07:02:47Z,UCHVNRGbi_rdbVvJryE0raFw
bLyP4NSXq6w,,Ugx4YUsX56i8q45AhOh4AaABAg,False,@gdyuyfji1653,今年も定額減税があるって事？！、,0,2025-07-04T10:05:49Z,2025-07-04T10:05:49Z,UCRoKcjzMeAzVsM1MI1vpiTQ
,Ugx4YUsX56i8q45AhOh4AaABAg,Ugx4YUsX56i8q45AhOh4AaABAg.AK98tJp7XDRAK9C9FaPGZO,True,@オスカーエスカーノ,前に騒がれていた103万の壁改正の件だと思います。,0,2025-07-04T10:34:21Z,2025-07-04T10:34:21Z,UC-GBFTlFNNSwwNGyaySKA_Q
bLyP4NSXq6w,,Ugyu1FPDOFdXQUYEEyF4AaABAg,False,@石峰-y3y,散々うちらの生活も人生設計まで破壊し尽くした後に、平然とこういうこと言える面の皮の厚さだけは本物だよね、自民党ｗ安倍政権では、戦争だって始められる議席を確保しながら、お前らのやったことは増税・福祉削減に、憲法違反と法律違反だけだわ。日本の政治から消えて下さい、本当にみたくない自民党,2,2025-07-04T06:06:34Z,2025-07-04T06:06:34Z,UCzoUYt7TlYvt4HkIGJdSJ3Q
16PQmWWCqL4,,UgydPEQruSKSPQXGZUF4AaABAg,False,@なあなあげっちゅ,沖縄をだめにした！人達,0,2025-07-07T11:34:55Z,2025-07-07T11:34:55Z,UC4C3c8qoxkkJSTUYkanciUw
IGHZn48Yj3U,,UgygxwwAGo09toESGzF4AaABAg,False,@distia-iu6rt,"みんなで自民党を倒そうする動きが少しずつ日本の政治を浄化してくれることを実感しました。
お願いします。国民全員を幸せにしてください。",0,2025-07-07T11:23:34Z,2025-07-07T11:23:34Z,UCBQZd9EQE0dugtbs9ESUfSw
IGHZn48Yj3U,,Ugw07L2c8zHgoQTdv-N4AaABAg,False,@ちいりん-w8m,さすが吉村さん！かっこよ🪄✨💜,2,2025-07-04T10:58:07Z,2025-07-04T10:58:07Z,UCM83ujjuTSlGuXVm8ITaAdg
VPAiR1fCMd4,,UgxrjlfPpKyWrvgakQt4AaABAg,False,@gtyhgtyhgtyhgtyh,保険にありがちな話ではあるけど、万が一のことを恐れすぎて日常が成立しないならそれはもう保険ではなく負債なんよ,0,2025-08-18T13:05:55Z,2025-08-18T13:05:55Z,UCw8SgJm7pG-8mYO4JekSrfw
VPAiR1fCMd4,,UgwHoPDXVTUSVVNMIrt4AaABAg,False,@haniwa-z8g,"姥捨て山の成田と対談してるんだ…
もうちょっとマシな人と対談すればいいのに。",0,2025-07-17T07:56:55Z,2025-07-17T07:58:24Z,UCmtNM19mXaKvMgfTX1l4bfw
VPAiR1fCMd4,,UgyXkaIpISIVDhNWDDp4AaABAg,False,@kavu4487,成田って傍観者だよね,4,2025-07-14T12:11:15Z,2025-07-14T12:11:15Z,UC13QAF7VGgBxwueep3wx_Iw
VPAiR1fCMd4,,UgwUOUD-q_9S-EbVwo14AaABAg,False,@kll3406,均衡財政でやってるからダメなのでは？,3,2025-07-14T07:58:00Z,2025-07-14T07:58:00Z,UCbd0W0zwAkTv1wF8nudth6Q
VPAiR1fCMd4,,Ugzr7wzng1S1bYtbiR94AaABAg,False,@山内英樹-b9f,"生活保護関係なく。
この年収で　この国保　住民税の支払いは、高すぎると個人事業主だから思う。",4,2025-07-11T14:33:24Z,2025-07-11T14:33:24Z,UCHDGNBKdF2QMVuG55a0C-YQ
VPAiR1fCMd4,,UgwI3iQeEOYDFqLvDIR4AaABAg,False,@KEY-tv5zk,この服なんやねん,2,2025-07-09T15:15:10Z,2025-07-09T15:15:10Z,UCcxgUtIRDjZmviIDCS3gc9Q
VPAiR1fCMd4,,Ugw2Cet0Q1uSW7uUZ8l4AaABAg,False,@kasu5553,団塊の世代が居なくればその後は社保の問題は今より良くなるよ,2,2025-07-08T23:02:01Z,2025-07-08T23:02:01Z,UCwjoxSuoTnkYDhqPAux2xvw
VPAiR1fCMd4,,Ugzd2mZV77kvhLXyZ0N4AaABAg,False,@黒弾先生,"結局成田さんはいつもこの調子
解決策出さない
諦めるなんて凡人でもできる
天才と呼ばれてるなら意地でも何かしら提言しろ
それか天才と呼ばないでと大々的にアピールしろ
諦めるしか能のない凡人だと
メディアで扱う必要ある？
ここで発言した予測が当たらなくても謝罪や訂正もしないだろうし",4,2025-07-08T22:29:46Z,2025-07-08T22:29:46Z,UC7KFEPuGYkczMkO7_Jqjtdw
VPAiR1fCMd4,,Ugy7bWl2IdSEEZ9yIV94AaABAg,False,@y.takahiro4523,減税という光を潰した党首がよう言うわ,4,2025-07-08T18:01:48Z,2025-07-08T18:01:48Z,UCRomjCcQnX7FxK2wqbVYSbw
VPAiR1fCMd4,,Ugyp_ccoZkC-xAHac3d4AaABAg,False,@majtqgumx,いやー、正直子供育てきったら生活保護でゆっくりしたいわ。,2,2025-07-08T16:53:55Z,2025-07-08T16:53:55Z,UClsKxMBR3jgkZRBT2XK-yWg
VPAiR1fCMd4,,Ugznkco_iMEF3kgu_LV4AaABAg,False,@めんたむ-n4q,いつのまにやら大阪の黒門市場周辺は中国語のお店ばかりになりましたね、社会保険料を減らしても支給開始年齢を遅らせるつもりでしょ？結局苦しいのが長く続く上に年金もらう頃には身体が言うこときかない年齢でしょうね。,3,2025-07-08T04:42:17Z,2025-07-08T04:42:17Z,UCazM48Jd23iIYyhAZsCJ4aQ
VPAiR1fCMd4,,UgzAaFv-XNGhRz9eE1p4AaABAg,False,@まちこ-h7j,"🍅トマトも🥒胡瓜も倍以上の値段に上がり💧🌾米🥚卵さえも手に入り難い🩸
おかしな悪政策に悪税👹⚡
🌐世界トップレベルの高給料の🇯🇵の政治家には庶民と感覚がズレ過ぎて😢辛い苦しい思いを知らない政治屋に解決なんて絶対むり無理💧💧💧
🗾しがらみのない‼️
大阪維新の会は、いろんな手腕を発揮して庶民を救って来てくれてます 🫂 30年間の有言実行の党に感謝します‼️🎌👵🎌👩‍🦳🎌👩🎌👦🎌👧",1,2025-07-07T22:02:55Z,2025-07-07T22:02:55Z,UCezIoSpixxivYu3AFCBwFdw
VPAiR1fCMd4,,UgyiZxluIfwc8d8ZudJ4AaABAg,False,@山-o6s,"このショート動画面白い、映画の予告編みたい
二人ともいいキャラしてるなぁw",4,2025-07-06T14:48:46Z,2025-07-06T14:48:46Z,UC-ef6IGiiiFc08UeYRodEPw
VPAiR1fCMd4,,Ugz5SE3zG34HHVIyU0V4AaABAg,False,@クッキー-l7w,生活保護になり贅沢を諦め死ぬのを待つだけの人生になるのか…まあ、80年前のような召集令状が来ないだけマシかな😅,0,2025-07-06T12:04:30Z,2025-07-06T12:06:48Z,UCYYqTRHncqmuEAvnxPE7r3Q
VPAiR1fCMd4,,UgzIIfQ9ml2wS3fo4Sl4AaABAg,False,@緑川忠則,おっしゃる通り,4,2025-07-05T14:04:31Z,2025-07-05T14:04:31Z,UCeeXSfgrwSGd8L2SB-y8Mgg
VPAiR1fCMd4,,UgxilRC4rpZ0ueXnjRp4AaABAg,False,@Ocbu137,"世論
働いて税金取られて、税金払ってない人から文句言われたり攻撃されるのはもうウンザリだ
今日本に税金納めずに済む方法を研究中",9,2025-07-05T05:08:13Z,2025-07-05T05:08:13Z,UCVJShRiVNc789uz_kWsy55A
VPAiR1fCMd4,,UgxDeWDr6bs7Tycxu9d4AaABAg,False,@m_mokulion1992,"希望を見出そうとする吉村さんは、やっぱり前向き。
世界で初めてこの問題に直面するのが、前例踏襲の日本なのは心配です。",11,2025-07-04T23:33:40Z,2025-07-04T23:33:40Z,UCvTaDEaQ4FHDwasqNGCrmYQ
VPAiR1fCMd4,,UgzM1hrspdqUz6jUUaV4AaABAg,False,@うま息子-k5j,正直、光は見えない。けど取られながらも働かないと生きていけない、生活保護もこれからは厳しくなって「働けるなら働いて」って言われて役所で追い返される。そして取られながら仕事をする生活から逃れられない,14,2025-07-04T16:19:50Z,2025-07-04T16:19:50Z,UCt6JlHxgYe0vxosZtG7s4RQ
VPAiR1fCMd4,,UgwgPr8hOW7LMhpAjH94AaABAg,False,@SUSUMU-wp6vt,この野党ヅラした政府与党の補完勢力は参院選挙で政府与党・立憲同様に落選させて維新支持者は参政党に乗り換えて投票だ。,1,2025-07-04T14:32:29Z,2025-07-04T14:32:29Z,UCG7NfMnEbHEahFsjhcUhCsQ
VPAiR1fCMd4,,Ugy5CDIl2aDZsx37Pgd4AaABAg,False,@和枝長田,正直でいいと思う,6,2025-07-04T14:22:18Z,2025-07-04T14:22:18Z,UCyUARZGkpEOtNTfRsYafIOQ
VPAiR1fCMd4,,UgzUZ3fZibGzkJjGgL94AaABAg,False,@tomato2536,"｢維新は中国寄り｣で、イメージが日に日に拡散されているのに、しっかり対応されないは、ザルに水な気がします。
イメージ初期なら真実を話すだけの対応で良いでしょうが、これだけイメージがついたら、本腰いれて払拭しないと、イメージで負けるのではないでしょうか。

企業も、莫大な金額でイメージ良いタレントで企業イメージつけるのですから、イメージの大きさは計り知れません。頑張ってるのに勿体ないなと😢

日本の構造に深く切り込めるのは維新だけ！応援してます✨",2,2025-07-04T13:33:29Z,2025-07-04T13:33:29Z,UCQa4h_re8ihAJqDPSM1xxOg
6bo_2YYQJ3s,,Ugz3OE8u2Jyob2T91EV4AaABAg,False,@abcdef-b2h,反対されるのはやり方が悪いから当然。機器・薬・人件費全て値上がりしてるのに、診療報酬点数減らして収入減でやり繰りしろは無理な話。無駄な延命治療を自由診療にするとか救急体制の整備とか、本当に政治家が触れないところから改革してもらいたい,0,2025-08-11T23:31:54Z,2025-08-11T23:31:54Z,UCWnNs6rzuas6FshGm_ATxSw
6bo_2YYQJ3s,,Ugy1L3_yyMhMsU_Hryl4AaABAg,False,@jupiterzeus7036,医師会は解散すべき。存在意義皆無。全て厚労省にやらせろ。ボランティアしている場合じゃないだろう。,0,2025-07-16T00:37:13Z,2025-07-16T00:37:13Z,UCk9MMAmOjPwYO42vQ2lW7QA
6bo_2YYQJ3s,,UgzQG7qeDuusw1thqcF4AaABAg,False,@TS-jp1uq,投票します,1,2025-07-08T13:32:59Z,2025-07-08T13:32:59Z,UCbOIaF6bLLCs-km_jbIPjvw
6bo_2YYQJ3s,,Ugye0z3-2KQjUXUx-yZ4AaABAg,False,@クリスマスローズ-q1e,患者と医師にとってプラスになる分かりやすいところから変えてゆくといいのかもしれないですね。,3,2025-07-08T10:30:22Z,2025-07-08T10:30:22Z,UC2E6s-RrXD9xBYhA134Psog
6bo_2YYQJ3s,,Ugz67Lssb3hRq2kKB2N4AaABAg,False,@よっちゃん-p4f,吉村さん乱暴ですね。もっと踏み込んで勉強すべきですわ。医師会だけがネックではありません。,1,2025-07-05T08:15:32Z,2025-07-05T08:15:32Z,UCG4QrkOcO9E5FOo-EuzyeyQ
,Ugz67Lssb3hRq2kKB2N4AaABAg,Ugz67Lssb3hRq2kKB2N4AaABAg.AKBX3MZ5SDfAKDmSC5IPXf,True,@Ocbu137,"じゃあ何がどうなのか幅広い正確な情報を提示し下さい。
あなたのコメントスクショしておきますね",13,2025-07-06T05:17:13Z,2025-07-06T05:17:13Z,UCVJShRiVNc789uz_kWsy55A
6bo_2YYQJ3s,,Ugwb47OLTC1hafRJMop4AaABAg,False,@kazgoma707,だけどキミも万博のせいで財務省に首根っこ掴まれてしまったからなぁ。自民党は責める言葉が出来るが、それ以外はノータリンになったもんな😅,0,2025-07-05T02:15:07Z,2025-07-05T02:15:07Z,UCbOmnpq-IDcr8x1ci9ZsXZQ
6bo_2YYQJ3s,,Ugw6q7eO6UalKtthZ8F4AaABAg,False,@woodpecker-t5s,なぜ自民党が頑なに減税しないのか？と考えるとやはり今の仕組みでは減税どころか増税しないと持続不可能だからでしょうね。現実を正直に言えばその先の議論もできるのに、いつもそれは選挙の後になる。,9,2025-07-05T00:26:45Z,2025-07-05T00:26:45Z,UCNhsgUMYRgptY19c76cnE6g
6bo_2YYQJ3s,,UgwHw2iwZOB7fWbTq8R4AaABAg,False,@センシュウ-u7w,未来の社会人は社会保険料額で潰されるよ、このままだと❗️,0,2025-07-05T00:14:09Z,2025-07-05T00:14:09Z,UCJFHb5NpL3E4dEPx_p7te3w
6bo_2YYQJ3s,,UgxvrbpSJqM_z5M_P3x4AaABAg,False,@しばわんさくら,"大阪では薬剤師会が自民を支持
とてもわかり易い",0,2025-07-04T22:42:45Z,2025-07-04T22:42:45Z,UC7vClNQ90MhrI-QvLaPwGag
6bo_2YYQJ3s,,UgxJabLtSBtag9S6cAh4AaABAg,False,@user-wr7gp7nq5k,今回も壮大なデマをわざと繰り返し拡散している団体がいますね,6,2025-07-04T21:39:47Z,2025-07-04T21:39:47Z,UCtCp_qDqx-xgpZ5IUKYjUeA
6bo_2YYQJ3s,,UgzWwAgAXlIwyBNaf2Z4AaABAg,False,@tokuriki-v4h,"厚労省、医師会、製薬会社の癒着が国民全ての健康を害し制度を歪めてる。
大阪府から癒着裏金党を激減させた様に国政でも減らして頂きたい。",17,2025-07-04T19:13:33Z,2025-07-04T19:13:33Z,UCbKz6v0F8A4NDfwgVq8nJRA
6bo_2YYQJ3s,,UgwCywMp_QQSLKFltoB4AaABAg,False,@mama-d1z5q,"自公｢2万円を配ります｣
維新｢社会保険料を引き下げます｣
どっちが与党やねん",29,2025-07-04T14:16:51Z,2025-07-04T14:17:45Z,UCYCnPImMK65VCVZQEasggTw
,UgwCywMp_QQSLKFltoB4AaABAg,UgwCywMp_QQSLKFltoB4AaABAg.AK9abvRSE-JAKBC21YgJPN,True,@kittn9883,"給付金だけ配って終わりなら、国民が貯金して終わりなのでは？😅
景気対策の効果全く出ない様な気がしますが🤔",4,2025-07-05T05:11:51Z,2025-07-06T08:53:17Z,UCA3E_qpNdFLLhqV3_niqgvw
6bo_2YYQJ3s,,UgzE0Wx-7NjiZqVX_W94AaABAg,False,@tomato2536,社会保障、何とかしてもらいたいです。よろしくお願いします🙏,23,2025-07-04T12:30:50Z,2025-07-04T12:30:50Z,UCQa4h_re8ihAJqDPSM1xxOg
-QoB74GLXkg,,UgxyFt_OpLjrhJQ-BsN4AaABAg,False,@mogoyade_Kimpap,"39:01 「日本人ファースト」「クルド人が～」の声にもしっかり対話する清水さん👏👏👏👏
「在日米軍が一番優遇されてる」←そうだ！",0,2025-07-04T19:10:10Z,2025-07-04T19:10:10Z,UCtiYr3ddz3ES69yPFcJ7MlQ
-QoB74GLXkg,,Ugw7XPXi2UcRPbqkYRt4AaABAg,False,@shumazin3951,"お疲れ様です。
選挙応援ハガキが友人から届き、アクセスしました。
なかなか、応援に行けませんが
これからも街頭演説を、配信していだけたら、家で見させていただきます
ガンバレガンバレ",4,2025-07-04T13:29:26Z,2025-07-04T13:29:26Z,UCYRT-Pzo8xhE3_XigyqLDBQ
-QoB74GLXkg,,UgzeF6ZAcyifJsnG43J4AaABAg,False,@みさこ-s4f,周り道してお顔見に行きました^ ^,4,2025-07-04T10:45:28Z,2025-07-04T10:45:28Z,UC9V7xLdkIzD8hz_jtYEGKnw
-QoB74GLXkg,,Ugy9SYO1cPct0DxYMy94AaABAg,False,@水本敦子-f2x,熱中症に気をつけて、応援しています🎉🎉,6,2025-07-04T07:52:50Z,2025-07-04T07:52:50Z,UCk3DmH6MgIkciiaDyY5Da9Q
-QoB74GLXkg,,Ugww-dzJjuYTaVyFNKh4AaABAg,False,@mitunobuosada4846,河南町でも音なしですか。夕方からのスタンディング黄昏れ宣伝しますよー🎉頑張って👍,6,2025-07-04T07:36:32Z,2025-07-04T07:36:32Z,UCvxKN0XF6ovJgn29MptS0Jw
-QoB74GLXkg,,UgxTMs58DIrdAqoVR_B4AaABAg,False,@kisao-q4t,登録No17番大谷選手ならぬ大阪選挙区・日本共産党の清水ただしさん。頑張って消費税を減税しよう。インボイスも廃止です。中小企業を応援する日本共産党。維新は自・公と医療費、患者負担増に合意。維・自・公を吹き飛ばそう。,0,2025-07-04T05:18:27Z,2025-07-04T05:18:27Z,UCSakwQmFP01f5ma3lV7bjcw
-QoB74GLXkg,,UgzqnENot-4W9PSWpoR4AaABAg,False,@イマクル-f3e,アイデンテティティ！ダディダディ🎉ドンマイ,4,2025-07-04T04:51:10Z,2025-07-04T04:51:10Z,UCuBIt1c206-FnL-mJfcc3Hg
-QoB74GLXkg,,UgzM5N6fJ7y1-f9E11B4AaABAg,False,@miYo-h3l,"だんだん黒く焼けていく清水さん💦
ちょっと心配です💦
暑いから熱中症に気をつけてくださいね❗☀️
応援してます❗👏👏👏",8,2025-07-04T04:33:55Z,2025-07-04T04:33:55Z,UCyQyG5p9t4XKiqc5zuQ1n5Q
-QoB74GLXkg,,UgzX5YjcFqhqh5dM5kJ4AaABAg,False,@イマクル-f3e,ライブをリアタイでみれないと元気が出ないよーー！,7,2025-07-04T01:25:22Z,2025-07-04T01:25:22Z,UCuBIt1c206-FnL-mJfcc3Hg
-QoB74GLXkg,,UgzUERtaaBMnktaN8hd4AaABAg,False,@イマクル-f3e,ライブ通知が来なかった！なんで？ガチガチ登録フォローしてるのに！今日はなんで！！シミタダ心配したやんか😮,5,2025-07-04T01:17:48Z,2025-07-04T01:17:48Z,UCuBIt1c206-FnL-mJfcc3Hg
-QoB74GLXkg,,UgwQHRHIdwr-5jWyd7h4AaABAg,False,@和吉堀田,"有権者に政治に対する要求を聞く場面がありました
日本人ファーストの問題がでました。
短い時間で問題点を、在日米軍を取り上げての話は、とても良かったと思います☀️🎉😊",8,2025-07-04T01:05:58Z,2025-07-04T01:05:58Z,UCpeMTm1o0r3nTaQCcdpO-dQ
,UgwQHRHIdwr-5jWyd7h4AaABAg,UgwQHRHIdwr-5jWyd7h4AaABAg.AK8B6LE9AKjAK8F0CWaWcY,True,@イマクル-f3e,さすがシミタダですね！追随を許さないダントツ辻立ち演説を無数にこなして来たから！ひと言でまとめる経験値❤,3,2025-07-04T01:40:05Z,2025-07-04T01:40:05Z,UCuBIt1c206-FnL-mJfcc3Hg
-QoB74GLXkg,,UgybehsKmxdbCuNgDsF4AaABAg,False,@jumajuri9163,今日の天王寺ミオ前、行きます😊！,8,2025-07-04T00:46:52Z,2025-07-04T00:46:52Z,UCIfjhwc47O89zC9y5peMahw
,UgybehsKmxdbCuNgDsF4AaABAg,UgybehsKmxdbCuNgDsF4AaABAg.AK88vOe76EyAK8R266sv8h,True,@イマクル-f3e,うらやましい❗️ひょうおつさんまでみれるなんて🎉果報者の皆さん、良いな良いな😃,2,2025-07-04T03:25:12Z,2025-07-04T03:25:12Z,UCuBIt1c206-FnL-mJfcc3Hg
-QoB74GLXkg,,UgyTfrF56sU6g0ivFHJ4AaABAg,False,@神山健三-j4f,強い日差し、日よけポスターokです☀️元気に今日も１日頑張ろう🎉栄養取って下さい。,12,2025-07-04T00:37:46Z,2025-07-04T00:37:46Z,UCrWoONQpScpGax0OfpNLf2w
-QoB74GLXkg,,Ugw5Sed36QPBmmQ8mst4AaABAg,False,@大村政宏,日本人を一番嘗めているなはトランプだ、良く言ってくれた。,0,2025-07-04T00:23:51Z,2025-07-04T00:23:51Z,UC-l5m89OqGZvPyIWutSNVRg
-QoB74GLXkg,,UgwuU1aWI4gzm9TtKs14AaABAg,False,@木苺-x3t,朝早くからお疲れさまです😊,7,2025-07-04T00:07:19Z,2025-07-04T00:07:19Z,UCZ4FiW5ucQWn9j9_EdiMUNA
-QoB74GLXkg,,Ugyk0EFk75ZATd0OMw14AaABAg,False,@木苺-x3t,今日も一日、事故のないよう、元気で頑張って下さい♪❤😊,10,2025-07-04T00:06:51Z,2025-07-04T00:06:51Z,UCZ4FiW5ucQWn9j9_EdiMUNA
-QoB74GLXkg,,Ugw5KDjXYDmgtRyFaXN4AaABAg,False,@bouquet2023,朝から元気いっぱいのシミタダさん！,10,2025-07-04T00:01:16Z,2025-07-04T00:01:16Z,UCEW90x26f-lUtNmDI4DRLZA
H_8p3ME3KlM,,UgyOPpXdUvmyLM4hz_Z4AaABAg,False,@tvtokyobiz,テレ東BIZでわかる！学べる！（8月8日まで初回登録14日間無料！）⇒ https://txbiz.tv-tokyo.co.jp/specials?id=259&utm_source=youtube&utm_medium=video&utm_campaign=senkyo2025,6,2025-07-04T09:15:07Z,2025-07-04T09:15:07Z,UCkKVQ_GNjd8FbAuT6xDcWgg
H_8p3ME3KlM,,Ugy5MvcFnWZOVEagdJt4AaABAg,False,@充芳丸澤,共産党､れいわそして社民党は政治のアウトサイダーだ。連携は絶対ないよ。,0,2025-07-10T13:40:21Z,2025-07-10T13:40:21Z,UCDOMHuhwGWxNbgnWHiTFalQ
H_8p3ME3KlM,,UgxYi83-rIxsivQpC8R4AaABAg,False,@葛西秀子,吉良,0,2025-07-10T11:28:19Z,2025-07-10T11:28:19Z,UCbRzcMIaZ0vxheNAcN-KgOw
H_8p3ME3KlM,,Ugx3rHAac2tRLxEE_2N4AaABAg,False,@古川ユキエ-l1p,与党は口には出すが何にも進まない最後には、廃案与党には絶対いれない,1,2025-07-10T02:44:16Z,2025-07-10T02:44:16Z,UC7v8cLr4myjOPxE-ZzPDdxQ
H_8p3ME3KlM,,UgxyMZ6lYOvYrHk9ZnV4AaABAg,False,@工藤真也-d2c,"れいわを与党に❗️
山本太郎代表を総理に‼️

消費税廃止
積極財政しかない",3,2025-07-07T23:40:04Z,2025-07-07T23:40:04Z,UC8fWsJGaUVvFJNFTbOmromQ
H_8p3ME3KlM,,UgzrihOQ_sqMHR4t1cN4AaABAg,False,@gineiden,"山本太郎氏の言っている事が本音なのかどうかは分からないが、しかし山本太郎氏の言う様な事が本来の姿
共産党の様に初めから反対する前提で動こうとしている事がおかしな話である",9,2025-07-07T03:05:40Z,2025-07-07T03:07:44Z,UCvJqOh2L_WaitM2ulwtH0AA
H_8p3ME3KlM,,UgwCGUvH4P0guyL-xa54AaABAg,False,@gineiden,この2党は政権を批判する事によって存在感を示しているんだから、与党と協力してしまっては旨みがなくなるでしょ,0,2025-07-07T03:00:25Z,2025-07-07T03:00:25Z,UCvJqOh2L_WaitM2ulwtH0AA
H_8p3ME3KlM,,Ugynf4M1O0AYJfJuNI14AaABAg,False,@moritoto0310,党首に質問を聞いて終わり、ではなくもう一歩咀嚼した解答があると嬉しかったかもです,2,2025-07-06T18:25:49Z,2025-07-06T18:25:49Z,UCP-lFIKbKPhq2cssIsGchqQ
H_8p3ME3KlM,,UgxTbgfwPKW3qWD25-F4AaABAg,False,@ke6448,これは太郎の発言あってると思う,10,2025-07-05T12:25:34Z,2025-07-05T12:25:34Z,UCqv-DwJfA3z_btB7TCMyYOg
H_8p3ME3KlM,,Ugwj21iBYftNK8Q5btB4AaABAg,False,@cosi7449,いっそのこと。共産とれいわ、そして立憲民主が統廃合して合流すれば良い。 その党名も、立憲共産組だな。国民民主党とも統合して、人民連合組で良いじゃん。,1,2025-07-05T07:54:33Z,2025-07-05T07:54:33Z,UCTaqqkMb4K1kfxkaLQqz2DA
H_8p3ME3KlM,,UgzwwP9MidrY2ORx8sZ4AaABAg,False,@ik-hx2we,今の与党と連携するのか、はNO。政権交代してまともな政権だったら連携はできるでしょうが。質問がおかしいんじゃないの。,0,2025-07-04T23:38:16Z,2025-07-04T23:38:16Z,UCgHg3rj5DFSQlyPjtEmgDWA
H_8p3ME3KlM,,Ugw3GFojvmXpQW3aFWB4AaABAg,False,@qdcht584,"世界の首都米国流の前提の通り、東京では日本共産党の米国負け組での帰国組が強い党の話が出て正しく非主流でそんな党（革命で米国でも反撃組っぽく）。
れいわ新選組は障がい者思想も引き受け、「消費税も回せない農業国で良いじゃないか」と「国民の行動力の甘え」を世界に提案しようとする薩長系で見えるし「連携思想の権化に与党連携の話」は愚問か…。
😶。",0,2025-07-04T22:21:00Z,2025-07-04T22:21:00Z,UC5Kn5RT7Qe8p26MXfvJB_DA
H_8p3ME3KlM,,UgzDKSWsLpzS6UUODo94AaABAg,False,@愛の輝の幸,参考になる質問ですね,7,2025-07-04T12:03:37Z,2025-07-04T12:03:37Z,UCXR7oIWQ64cqeDKmarROrWw
H_8p3ME3KlM,,UgwOJWD5NhI37DtjVEN4AaABAg,False,@さよならさまー,"ほんとごめんなさい
サムネちらっと見てつばさの党？の人かと思っちゃいましたw",2,2025-07-04T10:39:01Z,2025-07-04T10:39:15Z,UCjUdUYlQDInLAkopZpSY6hQ
H_8p3ME3KlM,,UgzLIDQjbqvl-iqetSR4AaABAg,False,@ねちねちねち男ネットコメンテーター-l4l,共産党はインテリ集団、れいわは素人集団,0,2025-07-04T10:32:24Z,2025-07-04T10:32:24Z,UCnYy6g-pHTrblCbZ9ZbVizQ
H_8p3ME3KlM,,Ugyuz7tvtswd_bqrrld4AaABAg,False,@hero_7272-f9n,自民党と連携は　保守の　参政党じゃないの？,1,2025-07-04T10:04:39Z,2025-07-04T10:04:39Z,UC1cToyQI7I-VxMQa-aKKwjg
xtewRVjDbvw,,UgxFFHXcx-K7bVGveMx4AaABAg,False,@beered9973,参政党全部議席とってほしい！,0,2025-07-06T09:03:46Z,2025-07-06T09:03:46Z,UCoN3e9RHK6p5IwAdiu4xShg
xtewRVjDbvw,,UgyDJXW8j5naDa_mrPJ4AaABAg,False,@ロナウド素晴らしい,参政党一択,1,2025-07-05T13:11:21Z,2025-07-05T13:11:21Z,UCjKnAnxLaAx8GWQq4T6TZDg
xtewRVjDbvw,,UgwjJlt4V2S-lq7Czg14AaABAg,False,@hirokiitou8146,さやさんに入れました！,1,2025-07-05T05:43:12Z,2025-07-05T05:43:12Z,UCcpGsnazDkt-eEECQjxnJPA
xtewRVjDbvw,,Ugxt5k25V7hZ2DO-EoZ4AaABAg,False,@三鈷剣降魔の,"東京選挙区なので「さや」さんに投票します
比例は松田学さんに入れます",4,2025-07-04T09:56:22Z,2025-07-04T09:56:22Z,UCvx7cuwLTFm_a4HecTBeQug
,Ugxt5k25V7hZ2DO-EoZ4AaABAg,Ugxt5k25V7hZ2DO-EoZ4AaABAg.AK97o6wCi3IAK9RuZvhWAy,True,@kazuhikoikebe6102,私も比例は、松田さんに入れます,0,2025-07-04T12:52:01Z,2025-07-04T12:52:01Z,UCchHh4KiUvoVbvlC80m18bA
xtewRVjDbvw,,UgyOHM7E3kJ_Cs6MpDF4AaABAg,False,@greenlabel3912,"応援します。
頑張って下さい",2,2025-07-04T09:06:07Z,2025-07-04T09:06:07Z,UCNYu86OMY5Xc6FRmcGF6Ghw
B3u_z_jSa4Q,,Ugy1S7PZAUSVJEyn0BV4AaABAg,False,@papapan7628,"比例入れましたよ！
頼みます！",2,2025-07-15T10:19:05Z,2025-07-15T10:19:05Z,UC2iYqu1mg2CiYYz1XCYg-cw
,Ugy1S7PZAUSVJEyn0BV4AaABAg,Ugy1S7PZAUSVJEyn0BV4AaABAg.AKaV97l9z3YAKcJDILs7m-,True,@KoutaHirado,投票に行ってくださりありがとうございました！,0,2025-07-16T03:13:17Z,2025-07-16T03:13:17Z,UCzXn5-cH5e9CANNjFh6mojA
B3u_z_jSa4Q,,UgwFJBdk5iSoW5O8ny54AaABAg,False,@tmaeda09301,応援してます。,2,2025-07-10T12:36:19Z,2025-07-10T12:36:19Z,UCRHq8JpLRPUVP8xX-4d8SEQ
,UgwFJBdk5iSoW5O8ny54AaABAg,UgwFJBdk5iSoW5O8ny54AaABAg.AKOrsqkVL71AKOxAr_i0LH,True,@KoutaHirado,応援ありがとうございます！,2,2025-07-10T13:22:36Z,2025-07-10T13:22:36Z,UCzXn5-cH5e9CANNjFh6mojA
B3u_z_jSa4Q,,UgxJyD2C095HGdVODwd4AaABAg,False,@kinokinokinokino6782,応援してます！,2,2025-07-05T14:14:17Z,2025-07-05T14:14:17Z,UCrDclU-HG6SaCh4rqlaHsLg
,UgxJyD2C095HGdVODwd4AaABAg,UgxJyD2C095HGdVODwd4AaABAg.AKCA6zpkH9HAKDFNnx6yZP,True,@KoutaHirado,ありがとうございます！,2,2025-07-06T00:19:31Z,2025-07-06T00:19:31Z,UCzXn5-cH5e9CANNjFh6mojA
B3u_z_jSa4Q,,Ugw4rv0yYKF7RHQjfWJ4AaABAg,False,@user-ankunankun,"比例代表は「平戸航太」一択！
民間企業で働く者の気持ちをよく分かってくれる人！",2,2025-07-03T21:50:48Z,2025-07-03T21:50:48Z,UCgvIz3kavPS5oWnxNo0dyWw
,Ugw4rv0yYKF7RHQjfWJ4AaABAg,Ugw4rv0yYKF7RHQjfWJ4AaABAg.AK7ploT_G0sAK7zRGN3Ofi,True,@KoutaHirado,普通に働く人・サラリーマンの方の気持ちを国会に持っていきます！,3,2025-07-03T23:15:14Z,2025-07-03T23:15:14Z,UCzXn5-cH5e9CANNjFh6mojA
B3u_z_jSa4Q,,Ugxq_VBOUYcxtqa670h4AaABAg,False,@kai9495,がんばって😂若い力が必要です。,3,2025-07-03T20:29:49Z,2025-07-03T20:29:49Z,UCNjSmggrtMuATtuR2w7bpBw
,Ugxq_VBOUYcxtqa670h4AaABAg,Ugxq_VBOUYcxtqa670h4AaABAg.AK7gVhKRBDXAK7zF36OuS9,True,@KoutaHirado,がんばります！,2,2025-07-03T23:13:34Z,2025-07-03T23:13:34Z,UCzXn5-cH5e9CANNjFh6mojA
-CqgqzmYmZ0,,UgzHkJQXZhmRdzNZZuZ4AaABAg,False,@hina8167,"ご視聴頂き
ありがとうございます
本編動画
【どうなる？参院選の展望】

https://youtu.be/A_2Yh45ARoo?si=hawlX8BMqi_439MV

よろしくお願いします",1,2025-07-04T04:53:42Z,2025-07-04T04:53:42Z,UCxS2TnTv6PntkW14o8R-Hcw
