id,published at,channel Id,channelTitle,title,description,tags,thumbnailUrl,category Id,view count,like count,comment count,duration,caption,channelLabel
MrJsSMrvcx4,2025-07-05T09:53:32Z,UCwywumWHI4_hQtZpJwsC8cw,高須幹弥（高須クリニック）,私が国会議員のクオーター制に反対する理由,"高須クリニックホームページ
↓↓↓↓
https://www.takasu.co.jp/

高須幹弥インスタグラム
↓↓↓↓
https://www.instagram.com/takasumikiya/

高須幹弥アメーバブログ
↓↓↓↓
https://ameblo.jp/drmikiya/

高須幹弥Tik tok
↓↓↓↓
https://www.tiktok.com/@takasumikiya",[],https://i.ytimg.com/vi/MrJsSMrvcx4/hqdefault.jpg,25,7885,338,86,PT14M29S,false,高須幹弥（高須クリニック）
dq-XQaKIRmM,2025-07-05T10:22:17Z,UCwywumWHI4_hQtZpJwsC8cw,高須幹弥（高須クリニック）,精神科医の益田先生にショートスリーパー堀大輔についてどう思ってるか聞いてみた,"益田先生のチャンネル
↓↓↓↓
https://youtube.com/@masudatherapy?si=q50dXFfltF14DmtI

高須クリニックホームページ
↓↓↓↓
https://www.takasu.co.jp/

高須幹弥インスタグラム
↓↓↓↓
https://www.instagram.com/takasumikiya/

高須幹弥アメーバブログ
↓↓↓↓
https://ameblo.jp/drmikiya/

高須幹弥Tik tok
↓↓↓↓
https://www.tiktok.com/@takasumikiya",[],https://i.ytimg.com/vi/dq-XQaKIRmM/hqdefault.jpg,28,20092,550,158,PT7M9S,false,高須幹弥（高須クリニック）
Gk5eRmA6evc,2025-07-05T10:00:33Z,UCXjTiSGclQLVVU83GVrRM4w,堀江貴文 ホリエモン,まだ間に合う？暗号資産の仕組みと最近の市況をホリエモンと専門家が解説,"提供：SBI VCトレード

▼SBI VCトレード公式サイトはこちら！【PR】
https://www.sbivc.co.jp/

▼SBI VCトレード公式Ｘ（旧Twitter）はこちら！【PR】
https://x.com/sbivc_official

※この動画は切り抜き禁止です


*◆BOB2025：別府温泉ぶっかけフェス 8月23日開催！チケット発売中*
https://bobfes.jp/

*◆メルマガ*
『HORIEMON Newsletter』
最新ニュース解説を毎日無料で発行！
▶ https://horiemon.media/register/

『ホリエモン公式メルマガ』
YouTubeにはない情報も盛り沢山で配信中！
 ▶ https://zeroichi.media/with/1242

*◆オンラインサロン*
『堀江貴文イノベーション大学校(HIU)』
メンバー募集中！
▶ https://lounge.dmm.com/detail/87/

『neoHIU』
ビジネス系に特化した起業家向けのSlack使用オンラインサロン！
▶ https://lounge.dmm.com/detail/6218/

*◆メディア*
『ZATSUDAN』
様々なフィールドで活躍するプロフェッショナル達の雑談を配信！
2週間の無料トライアル中！
▶ https://zatsudan.com/

『OPENREC』
メルマガ付き！HIUイベントでの対談
会員限定で30分お試し視聴可能！
▶ https://www.openrec.tv/user/horiemon_

*◆Wi-Fi*
『ホリエのWi-Fi』
本体実質無料+国内3キャリア実質使い放題+海外151ヶ国利用可！
▶ https://horienowifi.jp/
※ホリエのWi-Fiやコラボモバイルを販売する加盟店募集中！
▶ https://www.youtube.com/watch?v=xsCDUS7fQ38

*◆おすすめ書籍*
ホリエモン演歌デビュー曲「チョメチョメ」CD
▶ https://amzn.to/42pousN
多動力 (NewsPicks Book) (幻冬舎文庫)
▶https://amzn.to/4iN6MFr
ゼロ―――なにもない自分に小さなイチを足していく（ダイヤモンド社）
▶ https://amzn.to/4hPpJGd

*◆堀江貴文SNS*
X : https://twitter.com/takapon_jp
Instagram : https://www.instagram.com/takapon_jp/
TikTok : https://www.tiktok.com/@takafumi_horie

運営：SNS media&consulting 株式会社
https://snsmandc.jp","['堀江貴文', 'ホリエモン', '堀江', '貴文', 'Takafumi', 'Horie']",https://i.ytimg.com/vi/Gk5eRmA6evc/hqdefault.jpg,25,18762,512,68,PT35M41S,false,堀江貴文 ホリエモン
psEP5ptowOU,2025-07-05T14:14:36Z,UCLJNZ7osIjNix4bbkM-rj5w,たまきチャンネル,今夜 7/5(土)22:15～「たまき生配信」ライブチャットを開催！,"【生配信のお知らせ】

参院選序盤戦の戦い方どうする？拡大選対会議やります！

今夜 07/05（土）22時15分 ～「たまき生配信」ライブチャットを開催いたします。今回も YouTube だけでなく X でも、同時配信にもチャレンジいたします。（ ぜひ、お好きなプラットフォームで是非ご参加ください。)

いよいよ始まった2025年参議院選挙。ここで国民民主党が躍進することが、日本政治の未来を変えるために必要です！成長戦略「新・三本の矢」を携え、ニッポン経済復活に向けて #現役世代から豊かになろう と訴えてまいります。


みなさんの手取りを増やせば、消費が増えます。消費が増えると企業の売上もあがり、更なる賃上げにつながります。国民民主党はこうした賃上げと消費の好循環をつくり、日本をもう一度、頑張れば報われる、まじめに働けば給料が上がる国にします。

絶対に #手取りを増やす夏にする！ 是非皆さんのお力をお貸しください。

--

そのほか、出来る限りたくさんのトピックについてお話しさせてください。

皆さんのお悩みやご意見もなども、ぜひチャットでご質問やご意見をお寄せください。なるべくたくさんコメントしていきたいと思います。（基本的に生配信中はYouTubeのチャットを中心に読ませて頂きます）

ライブチャットに参加できないけど…と言う方は、ぜひ、 
#たまきに伝えたい 
#たまき生配信

でも、ご意見をポストしていただけたらありがたいです。（必ず見ます！）

#やっぱり国民民主党
#玉木雄一郎
#たまきチャンネル


【たまきチャンネルは切り抜きOK!! どんどんお願いします！】
ただし、元動画の表現の意図や趣旨を故意に改変すること、
人格を侮辱したり事実と異なる内容の文字表記を加えること、
法令や公序良俗に反する内容に加工することはお控えください。

チャンネル登録お願いします！↓
https://www.youtube.com/channel/UCLJNZ7osIjNix4bbkM-rj5w?sub_confirmation=1

たまき雄一郎公式Webサイト
https://www.tamakinet.jp/

たまき雄一郎SNS
【Facebook】 https://www.facebook.com/tamakinet55/
【X(旧Twitter)】 https://x.com/tamakiyuichiro
【Instagram】 https://www.instagram.com/yuichiro.tamaki/
【アメブロ】 https://ameblo.jp/tamakiyuichiro/","['たまき', '玉木雄一郎', '衆議院', '国会', '国民民主党', '政治', '政治家', '永田町', '突撃', 'インタビュー']",https://i.ytimg.com/vi/psEP5ptowOU/hqdefault.jpg,25,19357,3039,72,PT51M34S,false,たまきチャンネル
cd-w3sFe-t0,2025-07-04T17:34:47Z,UC80FWuvIAtY-TRtYuDocfUw,立花孝志,あなたも選挙カーに乗ってマイクを使って【火をつけて燃やしてこーい】って泉房穂ちゃんのモノマネが出来ます。参加者大募集中です。,"★参議院選挙に立候補しています。
兵庫県の方は【立花孝志】と１枚目の投票用紙にはと書いて下さい。２枚目の投票用紙には【ＮＨＫ党】と書いて下さい。

立花孝志は兵庫県で落選して、更に選挙区か全国区で２％得票できなければ政治家を引退します。
１枚目の投票用紙に下記のあなたの都道府県の立候補者に投票して頂ければ、私立花孝志の政治家引退を阻止できます。
北海道は【後藤　朋子】、青森県は【佐々木　晃】、岩手県は【吉田　博信】、宮城県は【前田　太一】、秋田県は【本田　幸久】、山形県は【大貫　学】、福島県は【越智　寛之】、茨城県は【酒井　明男】、栃木県は【高橋　真佐子】、群馬県は【上楽　宗之】、埼玉県は【山田　信一】、千葉県は【玉元　弘次】、東京都は【石丸　幸人】、神奈川県【堀川　圭輔】、新潟県は【原田　公成】、富山県は【佐藤　明】、石川県は【小沢　正人】、福井県は【浜田　智】、山梨県は【舟橋　夢人】、長野県は【加藤　英明】、岐阜県は【小池　裕之】、静岡県は【福原　志瑠美】、愛知県は【横山　緑】、三重県は【橋本　博幸】、滋賀県は【菅原　良雄】、京都府は【木村　嘉孝】、大阪府は【竹内　隆】、兵庫県は【立花　孝志】、奈良県は【川崎　智之】、和歌山県は【本間　奈々】、鳥取県と島根県は【谷口　直矢】、岡山県は【岩田　好明】、広島県は【堤　美登里】、山口県は【奥野　信治】、徳島県と高知県は【中島　康治】、香川県は【野呂　美和子】、愛媛県は【斉藤　博樹】、福岡県は【村上　成俊】、佐賀県は【松尾　芳治】、長崎県は【神谷　幸太郎】、熊本県は【立花　勝樹】大分県は【二宮　大造】、宮崎県は【北川　哲平】、鹿児島県は【山本　貴平】、沖縄県は【眞喜志　雄一】

★NHK党は参議院選挙全国比例に浜田聡参議院議員、福永活也弁護士、川﨑たかひろ弁護士の３名を擁立しました。
立花孝志の当選と国政政党復帰をめざしています！

★全国の４５選挙区の立候補予定者はこちらから
https://syoha-senkyo.jp/

★立花孝志の携帯電話番号→08025089347　留守番電話に用件をお知らせ頂ければ折り返しさせて頂きます。

★党に対して寄附をして頂くと個人名が公表されたり、事務処理が煩雑にもなりますので、立花孝志が経営する『立花孝志ひとり放送局株式会社』にYouTubeの『視聴料』として下記の金融機関口座にお振り込み頂ければ幸いです。
１.ゆうちょ銀行　記号14070　番号8448861 
２.三菱ＵＦＪ銀行　堺支店　普通預金　0091679 
３.三井住友銀行　浜寺支店　普通預金　1523308 
名義はいずれも、『立花孝志ひとり放送局株式会社』です。

★ＮＨＫにお金を支払わない国民を増やすことを目指します。

★ホリエモンと立花孝志のＮＨＫでの政見放送
https://www.youtube.com/watch?v=yHMsGmH9IK8&t=62s
立花孝志はイロモノではない事をホリエモンが語ってくれています。
https://www.youtube.com/watch?v=e31DYLFa45E【１１分３０秒あたりから１０分間くらいをご覧ください。】

★ホームページはこちら
https://www.syoha.jp/

★私は、ＮＨＫ職員を１９年４ヶ月してましたが、２００５年に週刊文春でＮＨＫの不正経理を内部告発して退職【内部告発が原因で実質上のクビ】になりました。

★受信料不払いに関する相談センター【ＮＨＫ党コールセンター】 03-3696-0750【代表】午前10時から夜７時まで、土日祝はお休みです。

★Ｘ旧ツイッター https://twitter.com/tachibanat","['参議院', '全国比例', '参議院選挙', 'ＮＨＫ', 'ＮＨＫから国民を守る党', 'ＮＨＫ受信料', 'ＮＨＫ裁判', '受信料裁判', 'エヌリンクス', 'ＮＨＫ集金', 'ＮＨＫ訪問員', '集金人', '立花孝志', '最高裁判決', 'イラネッチケー', '衛星契約', '衛星料金', 'ＢＳ契約', 'ＢＳ料金', '日本放送協会放送受信規約', '放送法', '放送法64条', 'ＮＨＫをぶっ壊す', '政見放送', '葛飾区議会議員', 'ＮＨＫ嫌い', '日本放送協会', '受信料踏み倒す', 'ホリエモン', '堀江貴文', 'ぶっ壊す', '国会議員ユーチューバー', '元国会議員', 'ＮＨＫ党', '政治家女子', '政治家女子４８', '政治家女子４８党', 'アイドル政治家', 'ガーシー', '東谷義和', '請求書受け取り代行', '特別あて所配達', 'ＤＪ社長', 'ＤＪ社長立候補', '青汁王子', '堀江政経塾', '電通', '統一地方選挙', '全国ブロック', '政治女子', '女子政治家', '政治家オーディション', 'ＳＪＪ４８', '兵庫県知事選挙', '泉大津市', '泉大津市長選挙']",https://i.ytimg.com/vi/cd-w3sFe-t0/hqdefault.jpg,25,61028,3907,417,PT13M21S,false,立花孝志
UnSXsk90vDg,2025-07-05T01:11:39Z,UC80FWuvIAtY-TRtYuDocfUw,立花孝志,泉房穂ちゃんを反社会勢力と認定する明石市議会,"★参議院選挙に立候補しています。
兵庫県の方は【立花孝志】と１枚目の投票用紙にはと書いて下さい。２枚目の投票用紙には【ＮＨＫ党】と書いて下さい。

立花孝志は兵庫県で落選して、更に選挙区か全国区で２％得票できなければ政治家を引退します。
１枚目の投票用紙に下記のあなたの都道府県の立候補者に投票して頂ければ、私立花孝志の政治家引退を阻止できます。
北海道は【後藤　朋子】、青森県は【佐々木　晃】、岩手県は【吉田　博信】、宮城県は【前田　太一】、秋田県は【本田　幸久】、山形県は【大貫　学】、福島県は【越智　寛之】、茨城県は【酒井　明男】、栃木県は【高橋　真佐子】、群馬県は【上楽　宗之】、埼玉県は【山田　信一】、千葉県は【玉元　弘次】、東京都は【石丸　幸人】、神奈川県【堀川　圭輔】、新潟県は【原田　公成】、富山県は【佐藤　明】、石川県は【小沢　正人】、福井県は【浜田　智】、山梨県は【舟橋　夢人】、長野県は【加藤　英明】、岐阜県は【小池　裕之】、静岡県は【福原　志瑠美】、愛知県は【横山　緑】、三重県は【橋本　博幸】、滋賀県は【菅原　良雄】、京都府は【木村　嘉孝】、大阪府は【竹内　隆】、兵庫県は【立花　孝志】、奈良県は【川崎　智之】、和歌山県は【本間　奈々】、鳥取県と島根県は【谷口　直矢】、岡山県は【岩田　好明】、広島県は【堤　美登里】、山口県は【奥野　信治】、徳島県と高知県は【中島　康治】、香川県は【野呂　美和子】、愛媛県は【斉藤　博樹】、福岡県は【村上　成俊】、佐賀県は【松尾　芳治】、長崎県は【神谷　幸太郎】、熊本県は【立花　勝樹】大分県は【二宮　大造】、宮崎県は【北川　哲平】、鹿児島県は【山本　貴平】、沖縄県は【眞喜志　雄一】

★NHK党は参議院選挙全国比例に浜田聡参議院議員、福永活也弁護士、川﨑たかひろ弁護士の３名を擁立しました。
立花孝志の当選と国政政党復帰をめざしています！

★全国の４５選挙区の立候補予定者はこちらから
https://syoha-senkyo.jp/

★立花孝志の携帯電話番号→08025089347　留守番電話に用件をお知らせ頂ければ折り返しさせて頂きます。

★党に対して寄附をして頂くと個人名が公表されたり、事務処理が煩雑にもなりますので、立花孝志が経営する『立花孝志ひとり放送局株式会社』にYouTubeの『視聴料』として下記の金融機関口座にお振り込み頂ければ幸いです。
１.ゆうちょ銀行　記号14070　番号8448861 
２.三菱ＵＦＪ銀行　堺支店　普通預金　0091679 
３.三井住友銀行　浜寺支店　普通預金　1523308 
名義はいずれも、『立花孝志ひとり放送局株式会社』です。

★ＮＨＫにお金を支払わない国民を増やすことを目指します。

★ホリエモンと立花孝志のＮＨＫでの政見放送
https://www.youtube.com/watch?v=yHMsGmH9IK8&t=62s
立花孝志はイロモノではない事をホリエモンが語ってくれています。
https://www.youtube.com/watch?v=e31DYLFa45E【１１分３０秒あたりから１０分間くらいをご覧ください。】

★ホームページはこちら
https://www.syoha.jp/

★私は、ＮＨＫ職員を１９年４ヶ月してましたが、２００５年に週刊文春でＮＨＫの不正経理を内部告発して退職【内部告発が原因で実質上のクビ】になりました。

★受信料不払いに関する相談センター【ＮＨＫ党コールセンター】 03-3696-0750【代表】午前10時から夜７時まで、土日祝はお休みです。

★Ｘ旧ツイッター https://twitter.com/tachibanat","['参議院', '全国比例', '参議院選挙', 'ＮＨＫ', 'ＮＨＫから国民を守る党', 'ＮＨＫ受信料', 'ＮＨＫ裁判', '受信料裁判', 'エヌリンクス', 'ＮＨＫ集金', 'ＮＨＫ訪問員', '集金人', '立花孝志', '最高裁判決', 'イラネッチケー', '衛星契約', '衛星料金', 'ＢＳ契約', 'ＢＳ料金', '日本放送協会放送受信規約', '放送法', '放送法64条', 'ＮＨＫをぶっ壊す', '政見放送', '葛飾区議会議員', 'ＮＨＫ嫌い', '日本放送協会', '受信料踏み倒す', 'ホリエモン', '堀江貴文', 'ぶっ壊す', '国会議員ユーチューバー', '元国会議員', 'ＮＨＫ党', '政治家女子', '政治家女子４８', '政治家女子４８党', 'アイドル政治家', 'ガーシー', '東谷義和', '請求書受け取り代行', '特別あて所配達', 'ＤＪ社長', 'ＤＪ社長立候補', '青汁王子', '堀江政経塾', '電通', '統一地方選挙', '全国ブロック', '政治女子', '女子政治家', '政治家オーディション', 'ＳＪＪ４８', '兵庫県知事選挙', '泉大津市', '泉大津市長選挙']",https://i.ytimg.com/vi/UnSXsk90vDg/hqdefault.jpg,25,39155,2873,337,PT4M51S,false,立花孝志
b_p57tDVQTY,2025-07-05T08:39:44Z,UC80FWuvIAtY-TRtYuDocfUw,立花孝志,泉房穂ちゃん　逃げる　逃げる　逃げる,,[],https://i.ytimg.com/vi/b_p57tDVQTY/hqdefault.jpg,25,45719,3439,343,PT6M11S,false,立花孝志
V1rGPXtwznw,2025-07-05T01:43:55Z,UC80FWuvIAtY-TRtYuDocfUw,立花孝志,絶対に当選させてはいけない【立花孝志】の対立候補泉房穂ちゃんの暴言,"★参議院選挙に立候補しています。
兵庫県の方は【立花孝志】と１枚目の投票用紙にはと書いて下さい。２枚目の投票用紙には【ＮＨＫ党】と書いて下さい。

立花孝志は兵庫県で落選して、更に選挙区か全国区で２％得票できなければ政治家を引退します。
１枚目の投票用紙に下記のあなたの都道府県の立候補者に投票して頂ければ、私立花孝志の政治家引退を阻止できます。
北海道は【後藤　朋子】、青森県は【佐々木　晃】、岩手県は【吉田　博信】、宮城県は【前田　太一】、秋田県は【本田　幸久】、山形県は【大貫　学】、福島県は【越智　寛之】、茨城県は【酒井　明男】、栃木県は【高橋　真佐子】、群馬県は【上楽　宗之】、埼玉県は【山田　信一】、千葉県は【玉元　弘次】、東京都は【石丸　幸人】、神奈川県【堀川　圭輔】、新潟県は【原田　公成】、富山県は【佐藤　明】、石川県は【小沢　正人】、福井県は【浜田　智】、山梨県は【舟橋　夢人】、長野県は【加藤　英明】、岐阜県は【小池　裕之】、静岡県は【福原　志瑠美】、愛知県は【横山　緑】、三重県は【橋本　博幸】、滋賀県は【菅原　良雄】、京都府は【木村　嘉孝】、大阪府は【竹内　隆】、兵庫県は【立花　孝志】、奈良県は【川崎　智之】、和歌山県は【本間　奈々】、鳥取県と島根県は【谷口　直矢】、岡山県は【岩田　好明】、広島県は【堤　美登里】、山口県は【奥野　信治】、徳島県と高知県は【中島　康治】、香川県は【野呂　美和子】、愛媛県は【斉藤　博樹】、福岡県は【村上　成俊】、佐賀県は【松尾　芳治】、長崎県は【神谷　幸太郎】、熊本県は【立花　勝樹】大分県は【二宮　大造】、宮崎県は【北川　哲平】、鹿児島県は【山本　貴平】、沖縄県は【眞喜志　雄一】

★NHK党は参議院選挙全国比例に浜田聡参議院議員、福永活也弁護士、川﨑たかひろ弁護士の３名を擁立しました。
立花孝志の当選と国政政党復帰をめざしています！

★全国の４５選挙区の立候補予定者はこちらから
https://syoha-senkyo.jp/

★立花孝志の携帯電話番号→08025089347　留守番電話に用件をお知らせ頂ければ折り返しさせて頂きます。

★党に対して寄附をして頂くと個人名が公表されたり、事務処理が煩雑にもなりますので、立花孝志が経営する『立花孝志ひとり放送局株式会社』にYouTubeの『視聴料』として下記の金融機関口座にお振り込み頂ければ幸いです。
１.ゆうちょ銀行　記号14070　番号8448861 
２.三菱ＵＦＪ銀行　堺支店　普通預金　0091679 
３.三井住友銀行　浜寺支店　普通預金　1523308 
名義はいずれも、『立花孝志ひとり放送局株式会社』です。

★ＮＨＫにお金を支払わない国民を増やすことを目指します。

★ホリエモンと立花孝志のＮＨＫでの政見放送
https://www.youtube.com/watch?v=yHMsGmH9IK8&t=62s
立花孝志はイロモノではない事をホリエモンが語ってくれています。
https://www.youtube.com/watch?v=e31DYLFa45E【１１分３０秒あたりから１０分間くらいをご覧ください。】

★ホームページはこちら
https://www.syoha.jp/

★私は、ＮＨＫ職員を１９年４ヶ月してましたが、２００５年に週刊文春でＮＨＫの不正経理を内部告発して退職【内部告発が原因で実質上のクビ】になりました。

★受信料不払いに関する相談センター【ＮＨＫ党コールセンター】 03-3696-0750【代表】午前10時から夜７時まで、土日祝はお休みです。

★Ｘ旧ツイッター https://twitter.com/tachibanat","['参議院', '全国比例', '参議院選挙', 'ＮＨＫ', 'ＮＨＫから国民を守る党', 'ＮＨＫ受信料', 'ＮＨＫ裁判', '受信料裁判', 'エヌリンクス', 'ＮＨＫ集金', 'ＮＨＫ訪問員', '集金人', '立花孝志', '最高裁判決', 'イラネッチケー', '衛星契約', '衛星料金', 'ＢＳ契約', 'ＢＳ料金', '日本放送協会放送受信規約', '放送法', '放送法64条', 'ＮＨＫをぶっ壊す', '政見放送', '葛飾区議会議員', 'ＮＨＫ嫌い', '日本放送協会', '受信料踏み倒す', 'ホリエモン', '堀江貴文', 'ぶっ壊す', '国会議員ユーチューバー', '元国会議員', 'ＮＨＫ党', '政治家女子', '政治家女子４８', '政治家女子４８党', 'アイドル政治家', 'ガーシー', '東谷義和', '請求書受け取り代行', '特別あて所配達', 'ＤＪ社長', 'ＤＪ社長立候補', '青汁王子', '堀江政経塾', '電通', '統一地方選挙', '全国ブロック', '政治女子', '女子政治家', '政治家オーディション', 'ＳＪＪ４８', '兵庫県知事選挙', '泉大津市', '泉大津市長選挙']",https://i.ytimg.com/vi/V1rGPXtwznw/hqdefault.jpg,25,25274,1886,171,PT1M38S,false,立花孝志
zp09zW4GhGA,2025-07-05T01:30:29Z,UC80FWuvIAtY-TRtYuDocfUw,立花孝志,泉房穂ちゃん・豊田真由子ちゃん・野々村竜太郎ちゃんの暴言珍言をわすれたらアカン,"★参議院選挙に立候補しています。
兵庫県の方は【立花孝志】と１枚目の投票用紙にはと書いて下さい。２枚目の投票用紙には【ＮＨＫ党】と書いて下さい。

立花孝志は兵庫県で落選して、更に選挙区か全国区で２％得票できなければ政治家を引退します。
１枚目の投票用紙に下記のあなたの都道府県の立候補者に投票して頂ければ、私立花孝志の政治家引退を阻止できます。
北海道は【後藤　朋子】、青森県は【佐々木　晃】、岩手県は【吉田　博信】、宮城県は【前田　太一】、秋田県は【本田　幸久】、山形県は【大貫　学】、福島県は【越智　寛之】、茨城県は【酒井　明男】、栃木県は【高橋　真佐子】、群馬県は【上楽　宗之】、埼玉県は【山田　信一】、千葉県は【玉元　弘次】、東京都は【石丸　幸人】、神奈川県【堀川　圭輔】、新潟県は【原田　公成】、富山県は【佐藤　明】、石川県は【小沢　正人】、福井県は【浜田　智】、山梨県は【舟橋　夢人】、長野県は【加藤　英明】、岐阜県は【小池　裕之】、静岡県は【福原　志瑠美】、愛知県は【横山　緑】、三重県は【橋本　博幸】、滋賀県は【菅原　良雄】、京都府は【木村　嘉孝】、大阪府は【竹内　隆】、兵庫県は【立花　孝志】、奈良県は【川崎　智之】、和歌山県は【本間　奈々】、鳥取県と島根県は【谷口　直矢】、岡山県は【岩田　好明】、広島県は【堤　美登里】、山口県は【奥野　信治】、徳島県と高知県は【中島　康治】、香川県は【野呂　美和子】、愛媛県は【斉藤　博樹】、福岡県は【村上　成俊】、佐賀県は【松尾　芳治】、長崎県は【神谷　幸太郎】、熊本県は【立花　勝樹】大分県は【二宮　大造】、宮崎県は【北川　哲平】、鹿児島県は【山本　貴平】、沖縄県は【眞喜志　雄一】

★NHK党は参議院選挙全国比例に浜田聡参議院議員、福永活也弁護士、川﨑たかひろ弁護士の３名を擁立しました。
立花孝志の当選と国政政党復帰をめざしています！

★全国の４５選挙区の立候補予定者はこちらから
https://syoha-senkyo.jp/

★立花孝志の携帯電話番号→08025089347　留守番電話に用件をお知らせ頂ければ折り返しさせて頂きます。

★党に対して寄附をして頂くと個人名が公表されたり、事務処理が煩雑にもなりますので、立花孝志が経営する『立花孝志ひとり放送局株式会社』にYouTubeの『視聴料』として下記の金融機関口座にお振り込み頂ければ幸いです。
１.ゆうちょ銀行　記号14070　番号8448861 
２.三菱ＵＦＪ銀行　堺支店　普通預金　0091679 
３.三井住友銀行　浜寺支店　普通預金　1523308 
名義はいずれも、『立花孝志ひとり放送局株式会社』です。

★ＮＨＫにお金を支払わない国民を増やすことを目指します。

★ホリエモンと立花孝志のＮＨＫでの政見放送
https://www.youtube.com/watch?v=yHMsGmH9IK8&t=62s
立花孝志はイロモノではない事をホリエモンが語ってくれています。
https://www.youtube.com/watch?v=e31DYLFa45E【１１分３０秒あたりから１０分間くらいをご覧ください。】

★ホームページはこちら
https://www.syoha.jp/

★私は、ＮＨＫ職員を１９年４ヶ月してましたが、２００５年に週刊文春でＮＨＫの不正経理を内部告発して退職【内部告発が原因で実質上のクビ】になりました。

★受信料不払いに関する相談センター【ＮＨＫ党コールセンター】 03-3696-0750【代表】午前10時から夜７時まで、土日祝はお休みです。

★Ｘ旧ツイッター https://twitter.com/tachibanat","['参議院', '全国比例', '参議院選挙', 'ＮＨＫ', 'ＮＨＫから国民を守る党', 'ＮＨＫ受信料', 'ＮＨＫ裁判', '受信料裁判', 'エヌリンクス', 'ＮＨＫ集金', 'ＮＨＫ訪問員', '集金人', '立花孝志', '最高裁判決', 'イラネッチケー', '衛星契約', '衛星料金', 'ＢＳ契約', 'ＢＳ料金', '日本放送協会放送受信規約', '放送法', '放送法64条', 'ＮＨＫをぶっ壊す', '政見放送', '葛飾区議会議員', 'ＮＨＫ嫌い', '日本放送協会', '受信料踏み倒す', 'ホリエモン', '堀江貴文', 'ぶっ壊す', '国会議員ユーチューバー', '元国会議員', 'ＮＨＫ党', '政治家女子', '政治家女子４８', '政治家女子４８党', 'アイドル政治家', 'ガーシー', '東谷義和', '請求書受け取り代行', '特別あて所配達', 'ＤＪ社長', 'ＤＪ社長立候補', '青汁王子', '堀江政経塾', '電通', '統一地方選挙', '全国ブロック', '政治女子', '女子政治家', '政治家オーディション', 'ＳＪＪ４８', '兵庫県知事選挙', '泉大津市', '泉大津市長選挙']",https://i.ytimg.com/vi/zp09zW4GhGA/hqdefault.jpg,25,21933,1428,158,PT2M22S,false,立花孝志
XhMHCWhvaK0,2025-07-05T06:07:14Z,UC80FWuvIAtY-TRtYuDocfUw,立花孝志,5分でわかる立花孝志〜7月4日編,"★参議院選挙に立候補しています。
兵庫県の方は【立花孝志】と１枚目の投票用紙にはと書いて下さい。２枚目の投票用紙には【ＮＨＫ党】と書いて下さい。

立花孝志は兵庫県で落選して、更に選挙区か全国区で２％得票できなければ政治家を引退します。
１枚目の投票用紙に下記のあなたの都道府県の立候補者に投票して頂ければ、私立花孝志の政治家引退を阻止できます。
北海道は【後藤　朋子】、青森県は【佐々木　晃】、岩手県は【吉田　博信】、宮城県は【前田　太一】、秋田県は【本田　幸久】、山形県は【大貫　学】、福島県は【越智　寛之】、茨城県は【酒井　明男】、栃木県は【高橋　真佐子】、群馬県は【上楽　宗之】、埼玉県は【山田　信一】、千葉県は【玉元　弘次】、東京都は【石丸　幸人】、神奈川県【堀川　圭輔】、新潟県は【原田　公成】、富山県は【佐藤　明】、石川県は【小沢　正人】、福井県は【浜田　智】、山梨県は【舟橋　夢人】、長野県は【加藤　英明】、岐阜県は【小池　裕之】、静岡県は【福原　志瑠美】、愛知県は【横山　緑】、三重県は【橋本　博幸】、滋賀県は【菅原　良雄】、京都府は【木村　嘉孝】、大阪府は【竹内　隆】、兵庫県は【立花　孝志】、奈良県は【川崎　智之】、和歌山県は【本間　奈々】、鳥取県と島根県は【谷口　直矢】、岡山県は【岩田　好明】、広島県は【堤　美登里】、山口県は【奥野　信治】、徳島県と高知県は【中島　康治】、香川県は【野呂　美和子】、愛媛県は【斉藤　博樹】、福岡県は【村上　成俊】、佐賀県は【松尾　芳治】、長崎県は【神谷　幸太郎】、熊本県は【立花　勝樹】大分県は【二宮　大造】、宮崎県は【北川　哲平】、鹿児島県は【山本　貴平】、沖縄県は【眞喜志　雄一】

★NHK党は参議院選挙全国比例に浜田聡参議院議員、福永活也弁護士、川﨑たかひろ弁護士の３名を擁立しました。
立花孝志の当選と国政政党復帰をめざしています！

★全国の４５選挙区の立候補予定者はこちらから
https://syoha-senkyo.jp/

★立花孝志の携帯電話番号→08025089347　留守番電話に用件をお知らせ頂ければ折り返しさせて頂きます。

★党に対して寄附をして頂くと個人名が公表されたり、事務処理が煩雑にもなりますので、立花孝志が経営する『立花孝志ひとり放送局株式会社』にYouTubeの『視聴料』として下記の金融機関口座にお振り込み頂ければ幸いです。
１.ゆうちょ銀行　記号14070　番号8448861 
２.三菱ＵＦＪ銀行　堺支店　普通預金　0091679 
３.三井住友銀行　浜寺支店　普通預金　1523308 
名義はいずれも、『立花孝志ひとり放送局株式会社』です。

★ＮＨＫにお金を支払わない国民を増やすことを目指します。

★ホリエモンと立花孝志のＮＨＫでの政見放送
https://www.youtube.com/watch?v=yHMsGmH9IK8&t=62s
立花孝志はイロモノではない事をホリエモンが語ってくれています。
https://www.youtube.com/watch?v=e31DYLFa45E【１１分３０秒あたりから１０分間くらいをご覧ください。】

★ホームページはこちら
https://www.syoha.jp/

★私は、ＮＨＫ職員を１９年４ヶ月してましたが、２００５年に週刊文春でＮＨＫの不正経理を内部告発して退職【内部告発が原因で実質上のクビ】になりました。

★受信料不払いに関する相談センター【ＮＨＫ党コールセンター】 03-3696-0750【代表】午前10時から夜７時まで、土日祝はお休みです。

★Ｘ旧ツイッター https://twitter.com/tachibanat","['参議院', '全国比例', '参議院選挙', 'ＮＨＫ', 'ＮＨＫから国民を守る党', 'ＮＨＫ受信料', 'ＮＨＫ裁判', '受信料裁判', 'エヌリンクス', 'ＮＨＫ集金', 'ＮＨＫ訪問員', '集金人', '立花孝志', '最高裁判決', 'イラネッチケー', '衛星契約', '衛星料金', 'ＢＳ契約', 'ＢＳ料金', '日本放送協会放送受信規約', '放送法', '放送法64条', 'ＮＨＫをぶっ壊す', '政見放送', '葛飾区議会議員', 'ＮＨＫ嫌い', '日本放送協会', '受信料踏み倒す', 'ホリエモン', '堀江貴文', 'ぶっ壊す', '国会議員ユーチューバー', '元国会議員', 'ＮＨＫ党', '政治家女子', '政治家女子４８', '政治家女子４８党', 'アイドル政治家', 'ガーシー', '東谷義和', '請求書受け取り代行', '特別あて所配達', 'ＤＪ社長', 'ＤＪ社長立候補', '青汁王子', '堀江政経塾', '電通', '統一地方選挙', '全国ブロック', '政治女子', '女子政治家', '政治家オーディション', 'ＳＪＪ４８', '兵庫県知事選挙', '泉大津市', '泉大津市長選挙']",https://i.ytimg.com/vi/XhMHCWhvaK0/hqdefault.jpg,25,15607,1320,99,PT5M,false,立花孝志
8jyJyKM3Ozw,2025-07-05T01:29:54Z,UC80FWuvIAtY-TRtYuDocfUw,立花孝志,泉房穂ちゃんが政治家引退を表明【明石市議会】で放火強要を認め女性市議や議長への恫喝を認めて謝罪の上、２度と選挙に立候補しないと明言！,"★参議院選挙に立候補しています。
兵庫県の方は【立花孝志】と１枚目の投票用紙にはと書いて下さい。２枚目の投票用紙には【ＮＨＫ党】と書いて下さい。

立花孝志は兵庫県で落選して、更に選挙区か全国区で２％得票できなければ政治家を引退します。
１枚目の投票用紙に下記のあなたの都道府県の立候補者に投票して頂ければ、私立花孝志の政治家引退を阻止できます。
北海道は【後藤　朋子】、青森県は【佐々木　晃】、岩手県は【吉田　博信】、宮城県は【前田　太一】、秋田県は【本田　幸久】、山形県は【大貫　学】、福島県は【越智　寛之】、茨城県は【酒井　明男】、栃木県は【高橋　真佐子】、群馬県は【上楽　宗之】、埼玉県は【山田　信一】、千葉県は【玉元　弘次】、東京都は【石丸　幸人】、神奈川県【堀川　圭輔】、新潟県は【原田　公成】、富山県は【佐藤　明】、石川県は【小沢　正人】、福井県は【浜田　智】、山梨県は【舟橋　夢人】、長野県は【加藤　英明】、岐阜県は【小池　裕之】、静岡県は【福原　志瑠美】、愛知県は【横山　緑】、三重県は【橋本　博幸】、滋賀県は【菅原　良雄】、京都府は【木村　嘉孝】、大阪府は【竹内　隆】、兵庫県は【立花　孝志】、奈良県は【川崎　智之】、和歌山県は【本間　奈々】、鳥取県と島根県は【谷口　直矢】、岡山県は【岩田　好明】、広島県は【堤　美登里】、山口県は【奥野　信治】、徳島県と高知県は【中島　康治】、香川県は【野呂　美和子】、愛媛県は【斉藤　博樹】、福岡県は【村上　成俊】、佐賀県は【松尾　芳治】、長崎県は【神谷　幸太郎】、熊本県は【立花　勝樹】大分県は【二宮　大造】、宮崎県は【北川　哲平】、鹿児島県は【山本　貴平】、沖縄県は【眞喜志　雄一】

★NHK党は参議院選挙全国比例に浜田聡参議院議員、福永活也弁護士、川﨑たかひろ弁護士の３名を擁立しました。
立花孝志の当選と国政政党復帰をめざしています！

★全国の４５選挙区の立候補予定者はこちらから
https://syoha-senkyo.jp/

★立花孝志の携帯電話番号→08025089347　留守番電話に用件をお知らせ頂ければ折り返しさせて頂きます。

★党に対して寄附をして頂くと個人名が公表されたり、事務処理が煩雑にもなりますので、立花孝志が経営する『立花孝志ひとり放送局株式会社』にYouTubeの『視聴料』として下記の金融機関口座にお振り込み頂ければ幸いです。
１.ゆうちょ銀行　記号14070　番号8448861 
２.三菱ＵＦＪ銀行　堺支店　普通預金　0091679 
３.三井住友銀行　浜寺支店　普通預金　1523308 
名義はいずれも、『立花孝志ひとり放送局株式会社』です。

★ＮＨＫにお金を支払わない国民を増やすことを目指します。

★ホリエモンと立花孝志のＮＨＫでの政見放送
https://www.youtube.com/watch?v=yHMsGmH9IK8&t=62s
立花孝志はイロモノではない事をホリエモンが語ってくれています。
https://www.youtube.com/watch?v=e31DYLFa45E【１１分３０秒あたりから１０分間くらいをご覧ください。】

★ホームページはこちら
https://www.syoha.jp/

★私は、ＮＨＫ職員を１９年４ヶ月してましたが、２００５年に週刊文春でＮＨＫの不正経理を内部告発して退職【内部告発が原因で実質上のクビ】になりました。

★受信料不払いに関する相談センター【ＮＨＫ党コールセンター】 03-3696-0750【代表】午前10時から夜７時まで、土日祝はお休みです。

★Ｘ旧ツイッター https://twitter.com/tachibanat","['参議院', '全国比例', '参議院選挙', 'ＮＨＫ', 'ＮＨＫから国民を守る党', 'ＮＨＫ受信料', 'ＮＨＫ裁判', '受信料裁判', 'エヌリンクス', 'ＮＨＫ集金', 'ＮＨＫ訪問員', '集金人', '立花孝志', '最高裁判決', 'イラネッチケー', '衛星契約', '衛星料金', 'ＢＳ契約', 'ＢＳ料金', '日本放送協会放送受信規約', '放送法', '放送法64条', 'ＮＨＫをぶっ壊す', '政見放送', '葛飾区議会議員', 'ＮＨＫ嫌い', '日本放送協会', '受信料踏み倒す', 'ホリエモン', '堀江貴文', 'ぶっ壊す', '国会議員ユーチューバー', '元国会議員', 'ＮＨＫ党', '政治家女子', '政治家女子４８', '政治家女子４８党', 'アイドル政治家', 'ガーシー', '東谷義和', '請求書受け取り代行', '特別あて所配達', 'ＤＪ社長', 'ＤＪ社長立候補', '青汁王子', '堀江政経塾', '電通', '統一地方選挙', '全国ブロック', '政治女子', '女子政治家', '政治家オーディション', 'ＳＪＪ４８', '兵庫県知事選挙', '泉大津市', '泉大津市長選挙']",https://i.ytimg.com/vi/8jyJyKM3Ozw/hqdefault.jpg,25,15440,1131,77,PT4M12S,false,立花孝志
aBNut_95HS8,2025-07-05T05:04:05Z,UC80FWuvIAtY-TRtYuDocfUw,立花孝志,5分でわかる立花孝志〜第一声編,"★参議院選挙に立候補しています。
兵庫県の方は【立花孝志】と１枚目の投票用紙にはと書いて下さい。２枚目の投票用紙には【ＮＨＫ党】と書いて下さい。

立花孝志は兵庫県で落選して、更に選挙区か全国区で２％得票できなければ政治家を引退します。
１枚目の投票用紙に下記のあなたの都道府県の立候補者に投票して頂ければ、私立花孝志の政治家引退を阻止できます。
北海道は【後藤　朋子】、青森県は【佐々木　晃】、岩手県は【吉田　博信】、宮城県は【前田　太一】、秋田県は【本田　幸久】、山形県は【大貫　学】、福島県は【越智　寛之】、茨城県は【酒井　明男】、栃木県は【高橋　真佐子】、群馬県は【上楽　宗之】、埼玉県は【山田　信一】、千葉県は【玉元　弘次】、東京都は【石丸　幸人】、神奈川県【堀川　圭輔】、新潟県は【原田　公成】、富山県は【佐藤　明】、石川県は【小沢　正人】、福井県は【浜田　智】、山梨県は【舟橋　夢人】、長野県は【加藤　英明】、岐阜県は【小池　裕之】、静岡県は【福原　志瑠美】、愛知県は【横山　緑】、三重県は【橋本　博幸】、滋賀県は【菅原　良雄】、京都府は【木村　嘉孝】、大阪府は【竹内　隆】、兵庫県は【立花　孝志】、奈良県は【川崎　智之】、和歌山県は【本間　奈々】、鳥取県と島根県は【谷口　直矢】、岡山県は【岩田　好明】、広島県は【堤　美登里】、山口県は【奥野　信治】、徳島県と高知県は【中島　康治】、香川県は【野呂　美和子】、愛媛県は【斉藤　博樹】、福岡県は【村上　成俊】、佐賀県は【松尾　芳治】、長崎県は【神谷　幸太郎】、熊本県は【立花　勝樹】大分県は【二宮　大造】、宮崎県は【北川　哲平】、鹿児島県は【山本　貴平】、沖縄県は【眞喜志　雄一】

★NHK党は参議院選挙全国比例に浜田聡参議院議員、福永活也弁護士、川﨑たかひろ弁護士の３名を擁立しました。
立花孝志の当選と国政政党復帰をめざしています！

★全国の４５選挙区の立候補予定者はこちらから
https://syoha-senkyo.jp/

★立花孝志の携帯電話番号→08025089347　留守番電話に用件をお知らせ頂ければ折り返しさせて頂きます。

★党に対して寄附をして頂くと個人名が公表されたり、事務処理が煩雑にもなりますので、立花孝志が経営する『立花孝志ひとり放送局株式会社』にYouTubeの『視聴料』として下記の金融機関口座にお振り込み頂ければ幸いです。
１.ゆうちょ銀行　記号14070　番号8448861 
２.三菱ＵＦＪ銀行　堺支店　普通預金　0091679 
３.三井住友銀行　浜寺支店　普通預金　1523308 
名義はいずれも、『立花孝志ひとり放送局株式会社』です。

★ＮＨＫにお金を支払わない国民を増やすことを目指します。

★ホリエモンと立花孝志のＮＨＫでの政見放送
https://www.youtube.com/watch?v=yHMsGmH9IK8&t=62s
立花孝志はイロモノではない事をホリエモンが語ってくれています。
https://www.youtube.com/watch?v=e31DYLFa45E【１１分３０秒あたりから１０分間くらいをご覧ください。】

★ホームページはこちら
https://www.syoha.jp/

★私は、ＮＨＫ職員を１９年４ヶ月してましたが、２００５年に週刊文春でＮＨＫの不正経理を内部告発して退職【内部告発が原因で実質上のクビ】になりました。

★受信料不払いに関する相談センター【ＮＨＫ党コールセンター】 03-3696-0750【代表】午前10時から夜７時まで、土日祝はお休みです。

★Ｘ旧ツイッター https://twitter.com/tachibanat","['参議院', '全国比例', '参議院選挙', 'ＮＨＫ', 'ＮＨＫから国民を守る党', 'ＮＨＫ受信料', 'ＮＨＫ裁判', '受信料裁判', 'エヌリンクス', 'ＮＨＫ集金', 'ＮＨＫ訪問員', '集金人', '立花孝志', '最高裁判決', 'イラネッチケー', '衛星契約', '衛星料金', 'ＢＳ契約', 'ＢＳ料金', '日本放送協会放送受信規約', '放送法', '放送法64条', 'ＮＨＫをぶっ壊す', '政見放送', '葛飾区議会議員', 'ＮＨＫ嫌い', '日本放送協会', '受信料踏み倒す', 'ホリエモン', '堀江貴文', 'ぶっ壊す', '国会議員ユーチューバー', '元国会議員', 'ＮＨＫ党', '政治家女子', '政治家女子４８', '政治家女子４８党', 'アイドル政治家', 'ガーシー', '東谷義和', '請求書受け取り代行', '特別あて所配達', 'ＤＪ社長', 'ＤＪ社長立候補', '青汁王子', '堀江政経塾', '電通', '統一地方選挙', '全国ブロック', '政治女子', '女子政治家', '政治家オーディション', 'ＳＪＪ４８', '兵庫県知事選挙', '泉大津市', '泉大津市長選挙']",https://i.ytimg.com/vi/aBNut_95HS8/hqdefault.jpg,25,11789,1229,80,PT5M,false,立花孝志
xrk4_UoiaBQ,2025-07-05T03:55:08Z,UCX8xD9LlHOZf0dF7yo9mFkw,石丸伸二と日本を動かそう,【石丸伸二代表 再生の道 街頭演説】「これが日本の素晴らしい所です」新宿駅 ヨドバシ前 参院選 街宣【ライブ配信/応援演説】,"🟣 石丸伸二さんと再生の道の候補者を応援したい方は、ぜひいいね👍をお願いします！

2025年 再生の道に注目していきます！
雨天時は開始時間や場所が多少変更になることがございます。予めご了承ください。

★チャンネル登録お願いします！(とても喜ぶ)
https://www.youtube.com/channel/UCX8xD9LlHOZf0dF7yo9mFkw
★メンバーシップバッチ(牛がよくコメントが目に止まるようになる)
https://www.youtube.com/channel/UCX8xD9LlHOZf0dF7yo9mFkw/join
★メンバー限定動画(ここでしか見れない)
https://www.youtube.com/playlist?list=UUMOX8xD9LlHOZf0dF7yo9mFkw

★関連チャンネル
再生の道
https://www.youtube.com/@The-Path-to-Rebirth
まるチャンネル
https://www.youtube.com/@shinji_ishimaru_1982

チャンネル登録やコメントよろしくお願いいたします♪
#石丸伸二 #石丸市長 #再生の道 #東京都議会議員選挙 #街頭演説 #辻立ち #駅立ち #ライブ配信 #ライブ #生配信 #柳澤誉之 #柳澤誉之 #天野こころ #平良雄大 #弘田敏康 #岩崎朗 #坪田幸典 #岡本悠司 #松尾祐樹 #山下興一 #久禮義継 #萩原崇 #奥本和樹 #増田義彦 #青柳充哉 #中村幸信 #南貴大 #船本優月 #浦野仁 #佐久間優 #恵良康寛 #須浪薫 #尾花山和哉 #仲れいこ #助田雄也 #大塚貴一 #石田豊 #石井正樹 #土田浩史 #瀧口昭彦 #松尾将大 #加藤哲雄 #片岡宏誌 #吉田綾 #木島康雄 #金井享太 #大谷佳弘 #水野純也 #宮田崇生 #横山春紀 #宜保晴毅 #小林学",[],https://i.ytimg.com/vi/xrk4_UoiaBQ/hqdefault.jpg,25,47512,4903,134,PT30M26S,false,石丸伸二と日本を動かそう
UcdzZPgKM2Q,2025-07-05T11:07:58Z,UCX8xD9LlHOZf0dF7yo9mFkw,石丸伸二と日本を動かそう,【浦野仁 再生の道 街頭演説】「福島県の皆さんの奮起に期待します！」福島県郡山駅 参院選 街宣 【ライブ配信/応援演説】,"🟣 石丸伸二さんと再生の道の候補者を応援したい方は、ぜひいいね👍をお願いします！

2025年 再生の道に注目していきます！
雨天時は開始時間や場所が多少変更になることがございます。予めご了承ください。

★チャンネル登録お願いします！(とても喜ぶ)
https://www.youtube.com/channel/UCX8xD9LlHOZf0dF7yo9mFkw
★メンバーシップバッチ(牛がよくコメントが目に止まるようになる)
https://www.youtube.com/channel/UCX8xD9LlHOZf0dF7yo9mFkw/join
★メンバー限定動画(ここでしか見れない)
https://www.youtube.com/playlist?list=UUMOX8xD9LlHOZf0dF7yo9mFkw

★関連チャンネル
再生の道
https://www.youtube.com/@The-Path-to-Rebirth
まるチャンネル
https://www.youtube.com/@shinji_ishimaru_1982

チャンネル登録やコメントよろしくお願いいたします♪
#石丸伸二 #石丸市長 #再生の道 #東京都議会議員選挙 #街頭演説 #辻立ち #駅立ち #ライブ配信 #ライブ #生配信 #柳澤誉之 #柳澤誉之 #天野こころ #平良雄大 #弘田敏康 #岩崎朗 #坪田幸典 #岡本悠司 #松尾祐樹 #山下興一 #久禮義継 #萩原崇 #奥本和樹 #増田義彦 #青柳充哉 #中村幸信 #南貴大 #船本優月 #浦野仁 #佐久間優 #恵良康寛 #須浪薫 #尾花山和哉 #仲れいこ #助田雄也 #大塚貴一 #石田豊 #石井正樹 #土田浩史 #瀧口昭彦 #松尾将大 #加藤哲雄 #片岡宏誌 #吉田綾 #木島康雄 #金井享太 #大谷佳弘 #水野純也 #宮田崇生 #横山春紀 #宜保晴毅 #小林学",[],https://i.ytimg.com/vi/UcdzZPgKM2Q/hqdefault.jpg,25,45717,4892,116,PT1H41M31S,false,石丸伸二と日本を動かそう
uVKAmuotA8s,2025-07-05T05:02:14Z,UCX8xD9LlHOZf0dF7yo9mFkw,石丸伸二と日本を動かそう,【石丸伸二 街頭演説 参院選／東京選挙区】「いぇ〜い！ありがとう！」おこさまに大人気！経堂駅 ロータリー 吉田あや 街宣【ライブ配信/応援演説】,"🟣 石丸伸二さんと再生の道の候補者を応援したい方は、ぜひいいね👍をお願いします！

2025年 再生の道に注目していきます！
雨天時は開始時間や場所が多少変更になることがございます。予めご了承ください。

★チャンネル登録お願いします！(とても喜ぶ)
https://www.youtube.com/channel/UCX8xD9LlHOZf0dF7yo9mFkw
★メンバーシップバッチ(牛がよくコメントが目に止まるようになる)
https://www.youtube.com/channel/UCX8xD9LlHOZf0dF7yo9mFkw/join
★メンバー限定動画(ここでしか見れない)
https://www.youtube.com/playlist?list=UUMOX8xD9LlHOZf0dF7yo9mFkw

★関連チャンネル
再生の道
https://www.youtube.com/@The-Path-to-Rebirth
まるチャンネル
https://www.youtube.com/@shinji_ishimaru_1982

チャンネル登録やコメントよろしくお願いいたします♪
#石丸伸二 #石丸市長 #再生の道 #東京都議会議員選挙 #街頭演説 #辻立ち #駅立ち #ライブ配信 #ライブ #生配信 #柳澤誉之 #柳澤誉之 #天野こころ #平良雄大 #弘田敏康 #岩崎朗 #坪田幸典 #岡本悠司 #松尾祐樹 #山下興一 #久禮義継 #萩原崇 #奥本和樹 #増田義彦 #青柳充哉 #中村幸信 #南貴大 #船本優月 #浦野仁 #佐久間優 #恵良康寛 #須浪薫 #尾花山和哉 #仲れいこ #助田雄也 #大塚貴一 #石田豊 #石井正樹 #土田浩史 #瀧口昭彦 #松尾将大 #加藤哲雄 #片岡宏誌 #吉田綾 #木島康雄 #金井享太 #大谷佳弘 #水野純也 #宮田崇生 #横山春紀 #宜保晴毅 #小林学",[],https://i.ytimg.com/vi/uVKAmuotA8s/hqdefault.jpg,25,28770,3588,132,PT20M5S,false,石丸伸二と日本を動かそう
Pyclo0o0JBo,2025-07-05T02:23:03Z,UCX8xD9LlHOZf0dF7yo9mFkw,石丸伸二と日本を動かそう,【石丸伸二代表 再生の道 街頭演説】7/5 渋谷駅 TSUTAYA前 参院選 街宣 11:10～ 高画質・高音質・高民度【ライブ配信/応援演説】,"🟣 石丸伸二さんと再生の道の候補者を応援したい方は、ぜひいいね👍をお願いします！

2025年 再生の道に注目していきます！
雨天時は開始時間や場所が多少変更になることがございます。予めご了承ください。

★チャンネル登録お願いします！(とても喜ぶ)
https://www.youtube.com/channel/UCX8xD9LlHOZf0dF7yo9mFkw
★メンバーシップバッチ(牛がよくコメントが目に止まるようになる)
https://www.youtube.com/channel/UCX8xD9LlHOZf0dF7yo9mFkw/join
★メンバー限定動画(ここでしか見れない)
https://www.youtube.com/playlist?list=UUMOX8xD9LlHOZf0dF7yo9mFkw

★関連チャンネル
再生の道
https://www.youtube.com/@The-Path-to-Rebirth
まるチャンネル
https://www.youtube.com/@shinji_ishimaru_1982

チャンネル登録やコメントよろしくお願いいたします♪
#石丸伸二 #石丸市長 #再生の道 #東京都議会議員選挙 #街頭演説 #辻立ち #駅立ち #ライブ配信 #ライブ #生配信 #柳澤誉之 #柳澤誉之 #天野こころ #平良雄大 #弘田敏康 #岩崎朗 #坪田幸典 #岡本悠司 #松尾祐樹 #山下興一 #久禮義継 #萩原崇 #奥本和樹 #増田義彦 #青柳充哉 #中村幸信 #南貴大 #船本優月 #浦野仁 #佐久間優 #恵良康寛 #須浪薫 #尾花山和哉 #仲れいこ #助田雄也 #大塚貴一 #石田豊 #石井正樹 #土田浩史 #瀧口昭彦 #松尾将大 #加藤哲雄 #片岡宏誌 #吉田綾 #木島康雄 #金井享太 #大谷佳弘 #水野純也 #宮田崇生 #横山春紀 #宜保晴毅 #小林学",[],https://i.ytimg.com/vi/Pyclo0o0JBo/hqdefault.jpg,25,22923,3119,73,PT23M5S,false,石丸伸二と日本を動かそう
pstZ1B-_NYg,2025-07-05T01:33:07Z,UCX8xD9LlHOZf0dF7yo9mFkw,石丸伸二と日本を動かそう,【吉田あや 再生の道 街頭演説】7/5 三軒茶屋駅 世田谷線出口 参院選 街宣 10:10〜 高画質・高音質・高民度【ライブ配信/応援演説】,"🟣 石丸伸二さんと再生の道の候補者を応援したい方は、ぜひいいね👍をお願いします！

2025年 再生の道に注目していきます！
雨天時は開始時間や場所が多少変更になることがございます。予めご了承ください。

★チャンネル登録お願いします！(とても喜ぶ)
https://www.youtube.com/channel/UCX8xD9LlHOZf0dF7yo9mFkw
★メンバーシップバッチ(牛がよくコメントが目に止まるようになる)
https://www.youtube.com/channel/UCX8xD9LlHOZf0dF7yo9mFkw/join
★メンバー限定動画(ここでしか見れない)
https://www.youtube.com/playlist?list=UUMOX8xD9LlHOZf0dF7yo9mFkw

★関連チャンネル
再生の道
https://www.youtube.com/@The-Path-to-Rebirth
まるチャンネル
https://www.youtube.com/@shinji_ishimaru_1982

チャンネル登録やコメントよろしくお願いいたします♪
#石丸伸二 #石丸市長 #再生の道 #東京都議会議員選挙 #街頭演説 #辻立ち #駅立ち #ライブ配信 #ライブ #生配信 #柳澤誉之 #柳澤誉之 #天野こころ #平良雄大 #弘田敏康 #岩崎朗 #坪田幸典 #岡本悠司 #松尾祐樹 #山下興一 #久禮義継 #萩原崇 #奥本和樹 #増田義彦 #青柳充哉 #中村幸信 #南貴大 #船本優月 #浦野仁 #佐久間優 #恵良康寛 #須浪薫 #尾花山和哉 #仲れいこ #助田雄也 #大塚貴一 #石田豊 #石井正樹 #土田浩史 #瀧口昭彦 #松尾将大 #加藤哲雄 #片岡宏誌 #吉田綾 #木島康雄 #金井享太 #大谷佳弘 #水野純也 #宮田崇生 #横山春紀 #宜保晴毅 #小林学",[],https://i.ytimg.com/vi/pstZ1B-_NYg/hqdefault.jpg,25,17923,2264,38,PT38M1S,false,石丸伸二と日本を動かそう
gvsSS88EsRI,2025-07-05T06:27:43Z,UCX8xD9LlHOZf0dF7yo9mFkw,石丸伸二と日本を動かそう,【石丸伸二 再生の道 衝頭演説】7/5 池袋駅 東口 参院選 街宣 15:00～ 高画質・高音質・高民度【ライブ配信/応援演説】,"🟣 石丸伸二さんと再生の道の候補者を応援したい方は、ぜひいいね👍をお願いします！

2025年 再生の道に注目していきます！
雨天時は開始時間や場所が多少変更になることがございます。予めご了承ください。

★チャンネル登録お願いします！(とても喜ぶ)
https://www.youtube.com/channel/UCX8xD9LlHOZf0dF7yo9mFkw
★メンバーシップバッチ(牛がよくコメントが目に止まるようになる)
https://www.youtube.com/channel/UCX8xD9LlHOZf0dF7yo9mFkw/join
★メンバー限定動画(ここでしか見れない)
https://www.youtube.com/playlist?list=UUMOX8xD9LlHOZf0dF7yo9mFkw

★関連チャンネル
再生の道
https://www.youtube.com/@The-Path-to-Rebirth
まるチャンネル
https://www.youtube.com/@shinji_ishimaru_1982

チャンネル登録やコメントよろしくお願いいたします♪
#石丸伸二 #石丸市長 #再生の道 #東京都議会議員選挙 #街頭演説 #辻立ち #駅立ち #ライブ配信 #ライブ #生配信 #柳澤誉之 #柳澤誉之 #天野こころ #平良雄大 #弘田敏康 #岩崎朗 #坪田幸典 #岡本悠司 #松尾祐樹 #山下興一 #久禮義継 #萩原崇 #奥本和樹 #増田義彦 #青柳充哉 #中村幸信 #南貴大 #船本優月 #浦野仁 #佐久間優 #恵良康寛 #須浪薫 #尾花山和哉 #仲れいこ #助田雄也 #大塚貴一 #石田豊 #石井正樹 #土田浩史 #瀧口昭彦 #松尾将大 #加藤哲雄 #片岡宏誌 #吉田綾 #木島康雄 #金井享太 #大谷佳弘 #水野純也 #宮田崇生 #横山春紀 #宜保晴毅 #小林学",[],https://i.ytimg.com/vi/gvsSS88EsRI/hqdefault.jpg,25,21515,3138,96,PT24M36S,false,石丸伸二と日本を動かそう
