id,published at,channel Id,channelTitle,title,description,tags,thumbnailUrl,category Id,view count,like count,comment count,duration,caption,channelLabel,matched_terms,matched_count
6E-ZwVLjNE4,2025-07-17T03:22:41Z,UCkKVQ_GNjd8FbAuT6xDcWgg,テレ東BIZ,トランプ大統領は「日本とは（新たな関税率を通知した）書簡通りになるだろう」25％の方針,"アメリカのトランプ大統領は16日、日本との関税交渉を巡り8月1日から25％の関税を課す方針を改めて強調しました。
トランプ氏「日本に対し、書簡通りに行動することになるだろう」
トランプ氏は15日に、日本が市場を開放するなら、書簡の内容から方針を転換することもあると述べましたが、25％の「相互関税」を適用する強硬姿勢を維持しました。日米両政府は、20日の参議院選挙の前は具体的な協議は難しいとの認識で一致しており、トランプ氏の発言は、参院選後の交渉を見据え、日本に市場開放の圧力をかける狙いがあるとみられています。また、トランプ氏はインドとの合意が近いことを明らかにした上で、EU＝ヨーロッパ連合についても合意できる可能性があると述べました。

#アメリカ　#トランプ大統領　#日本　#関税　#相互関税　#インド　#EU

仕事や投資に役立つ経済メディア『テレ東BIZ』。
WBSやモーサテほか、他では見られない記者解説やオリジナル番組が充実

▼▼「テレ東BIZ」はこちら▼▼
https://txbiz.tv-tokyo.co.jp/lp/?utm_source=youtube&utm_medium=video",[],https://i.ytimg.com/vi/6E-ZwVLjNE4/hqdefault.jpg,25,15243,108,110,PT1M,false,テレ東Biz,参議院選挙;参院;参院選,3
iooLCJZhugI,2025-07-17T08:22:14Z,UCkKVQ_GNjd8FbAuT6xDcWgg,テレ東BIZ,与党は参院選で過半数を取れそう？【選挙のギモン８９】#shorts #いま知りたい１００のギモン #参院選 #政治 #選挙 #参議院選挙,"あと3日で投票日！最新の情勢調査は？
選挙や政治に関する「いま知りたい100のギモン」。
横堀拓也 官邸キャップがサクッと解説します！

解説者：横堀拓也（テレビ東京官邸キャップ）",[],https://i.ytimg.com/vi/iooLCJZhugI/hqdefault.jpg,25,12544,97,11,PT1M18S,false,テレ東Biz,参議院選挙;参院;参院選;投票;東京,5
L4VxQPHjagw,2025-07-16T15:11:51Z,UCkKVQ_GNjd8FbAuT6xDcWgg,テレ東BIZ,物価高でコンビニどうなる？（竹増貞信の一票の流儀）【ギモン８８】,"番組のフル視聴（13分）はこちらからhttps://txbiz.tv-tokyo.co.jp/original2/vod/post_320847?utm_source=youtube&utm_medium=video&utm_campaign=senkyo2025_250717_yt_L4VxQPHjagw

「参院選“100のギモン”」テレ東BIZならCM無しでイッキ見！
https://txbiz.tv-tokyo.co.jp/specials?id=259&utm_source=youtube&utm_medium=video&utm_campaign=senkyo2025

「テレ東BIZ」会員登録はこちら（8月8日まで初回登録14日間無料！）
https://txbiz.tv-tokyo.co.jp/lp/?utm_source=youtube&utm_medium=video&utm_campaign=senkyo2025

投票の決め手となるのは「決断と実行力」…。
今回の「1票の流儀」は、コンビニ大手ローソンの竹増貞信社長です。
参院選の争点となる物価高の影響や、
「減税には時間がかかる」との指摘について現場では実際どうなのか、話を聞きました。

#コンビニ #ローソン #竹増貞信 #参院選 #選挙 #物価高 #減税 #一票の流儀 #いま知りたい100のギモン #100ギモン #番組未公開",[],https://i.ytimg.com/vi/L4VxQPHjagw/hqdefault.jpg,25,3728,32,6,PT3M14S,false,テレ東Biz,参院;参院選;投票,3
y09pd8eXHCo,2025-07-17T10:30:44Z,UCkKVQ_GNjd8FbAuT6xDcWgg,テレ東BIZ,皇族に選挙権はあるの？【ギモン９１】,"「参院選“100のギモン”」テレ東BIZならCM無しでイッキ見！
https://txbiz.tv-tokyo.co.jp/specials?id=259&utm_source=youtube&utm_medium=video&utm_campaign=senkyo2025

【緊急企画】イスラエルとイランは今後どうなる？池上彰×佐藤優 軍事衝突について語りつくす
https://www.youtube.com/watch?v=oJy4G_TXIUw

「テレ東BIZ」会員登録はこちら（8月8日まで初回登録14日間無料！）
https://txbiz.tv-tokyo.co.jp/lp/?utm_source=youtube&utm_medium=video&utm_campaign=senkyo2025

今年の夏も暑いさんから寄せられたギモンです。

選挙や政治に関する「いま知りたい100のギモン」。
「皇室ちょっといい話」でおなじみ
皇室担当デスクの新見多一が解説します！

解説者：新見多一（テレビ東京皇室担当デスク）

#皇室　#皇室会議　#皇族　#選挙権　#新見多一　#いま知りたい100のギモン　#100ギモン　#政治　#参院背　#選挙　#芦部憲法",[],https://i.ytimg.com/vi/y09pd8eXHCo/hqdefault.jpg,25,3342,96,23,PT2M19S,false,テレ東Biz,参院;参院選;東京,3
fI-CpLR3p38,2025-07-17T09:01:02Z,UCkKVQ_GNjd8FbAuT6xDcWgg,テレ東BIZ,天気と投票率はどんな関係があるの？（久保田解説委員の天羅万象）【ギモン９０】,"「参院選“100のギモン”」テレ東BIZならCM無しでイッキ見！
https://txbiz.tv-tokyo.co.jp/specials?id=259&utm_source=youtube&utm_medium=video&utm_campaign=senkyo2025

【緊急企画】イスラエルとイランは今後どうなる？池上彰×佐藤優 軍事衝突について語りつくす
https://www.youtube.com/watch?v=oJy4G_TXIUw

「テレ東BIZ」会員登録はこちら（8月8日まで初回登録14日間無料！）
https://txbiz.tv-tokyo.co.jp/lp/?utm_source=youtube&utm_medium=video&utm_campaign=senkyo2025

「天気と投票率はどんな関係があるの？」
これまでの参院選で最も投票率が高かった日と低かった日の天気や湿度の関係を探って見えてきたことは…？？
そして2025年の参院選の天気はどうなる？
週間天気予報（7月17日時点）も併せて気象予報士の久保田解説委員が解説します。

選挙や政治に関する「いま知りたい100のギモン」。
あなたの質問にテレビ東京の取材記者が総力をあげて詳しく解説します。

解説者：久保田麻三留（テレビ東京 解説委員・気象予報士）

#参院選　#天気　#投票率　#梅雨　#湿度　#週間天気予報　#気象予報士　#解説委員　#久保田麻三留　#天羅万象　#いま知りたい100のギモン　#100ギモン　#選挙",[],https://i.ytimg.com/vi/fI-CpLR3p38/hqdefault.jpg,25,1310,21,6,PT11M4S,false,テレ東Biz,参院;参院選;投票;東京,4
GQrrVOWvDlE,2025-07-17T13:01:47Z,UCkKVQ_GNjd8FbAuT6xDcWgg,テレ東BIZ,気になる“あの政党”の特徴は？（篠原WBSデスク×横堀官邸キャップ ライブ解説）【ギモン９５】,"参院選の投開票日まであと2日！
新興政党も多く、どこに投票するか、まだ悩んでいる方も多いのではないでしょうか。
そこでテレビ東京では、各党の違いがひと目で理解できる、特製の「政党ギモン図鑑」を作りました。
各党の特徴は？どんな主張をしているの？
WBSデスクの篠原裕明と、テレビ東京官邸キャップの横堀拓也が解説します！
ちょっとブラック？な得意技や弱点にもぜひご注目ください。

皆さんの気になるギモンも、２人がリアルタイムでお答えするので、チャット欄に書き込んでください！お待ちしてます！


▼特製「政党ギモン図鑑」 各党ページ一覧はこちらから
https://txbiz.tv-tokyo.co.jp/readings/2608

▼「参院選“１００のギモン”」配信中
https://txbiz.tv-tokyo.co.jp/specials?id=259


#参院選　#参議院選挙　#政治解説　#第一声　#自民党　#立憲民主党　#日本維新の会　#国民民主党　#公明党　#れいわ新選組　#共産党　#参政党　#日本保守党　#社民党　#NHK党　#再生の道　#チームみらい　#篠原裕明　#横堀拓也　#選挙サテライト　#いま知りたい100のギモン　#100解説",[],https://i.ytimg.com/vi/GQrrVOWvDlE/hqdefault_live.jpg,25,0,1,0,P0D,false,テレ東Biz,参議院選挙;参院;参院選;投票;東京;自民,6
JPjQJYrPVUY,2025-07-17T09:39:43Z,UCuTAXTexrhetbOe3zgskJBQ,日テレNEWS,【夕方ニュースライブ】最新ニュースと生活情報（7月17日） ──THE LATEST NEWS SUMMARY（日テレNEWS LIVE）,"・メンバーシップ「日テレNEWSクラブ」始まりました
月額290円で所属歴に応じ色が変化しステータスアップしていくバッジ特典や、ライブ配信のチャットで使えるスタンプなどの基本機能が特典となります!! 
https://www.youtube.com/channel/UCuTAXTexrhetbOe3zgskJBQ/join

【ラインアップ】
・東海から四国にかけて大雨　低い土地の浸水や土砂災害などに厳重警戒
・セブン＆アイ、買収提案撤回したクシュタール社に反論
・トランプ大統領　日本との関税交渉「おそらく書簡の通りに」
・トランプ大統領が“FRB議長を近く解任する可能性”米メディア報道…トランプ氏は否定
・イスラエル軍、シリア国防省など空爆…“武力衝突への軍事介入に対する攻撃”7
・盗まれた電線ケーブル約800キロを盗品と知りながら買い取りか　「ナンセイスチール」相模原工場の責任者ら中国籍の男2人逮捕　全国で盗まれたケーブルの“集積地”の可能性も　神奈川県警
・男性を約3か月監禁・暴行か　“金づちで殴る”“熱湯かける”など重傷負わせる…7人逮捕
・公園のトイレで女性に性的暴行か　ネパール人の男逮捕
・女性に“性的暴行”、ナイフ突きつけケガさせたか　男逮捕　東京・新宿区
・恐竜の子どもの化石、約45億円で落札　恐竜化石で史上3番目の落札額
・冠水「検証映像」昼と夜の見え方に違い　突風にも注意…“ダウンバースト”“ガストフロント”とは？
・【気になる！】隠れてこっそり…家族にナイショの「ひとりメシ」


◇日本テレビ報道局のSNS
X（旧Twitter）　https://twitter.com/news24ntv
TikTok　https://www.tiktok.com/@ntv.news
Facebook　https://www.facebook.com/ntvnews24
Instagram　https://www.instagram.com/ntv_news24/?hl=ja

◇【最新ニュース配信中】日テレNEWS  
https://news.ntv.co.jp/

#日テレ​​　#ニュース​　#live　#まとめ　#ntv　#live　#日テレnewsnnn　#事件　#事故　#参議院選挙　#アメリカ　#トランプ大統領　#インドネシア　#兵庫県　#松本智津夫元死刑囚　#イタリア　#ミラノコルティナ冬季オリンピックパラリンピック","['news', 'ニュース', '日テレNEWS', '日テレ', '最新情報', 'NEWS', '事件', '事故', '地震', '政治', '社会', '国際', '首相', '大統領', 'news_ntv', 'latest news', 'live', 'ライブ', 'まとめ', 'UCuTAXTexrhetbOe3zgskJBQ', '日本テレビ', '日本', 'Japan', 'Tokyo', 'NTV', '報道', '@ntv_news']",https://i.ytimg.com/vi/JPjQJYrPVUY/hqdefault.jpg,25,24363,65,6,PT2H29M57S,false,日テレNEWS,兵庫;参議院選挙;東京,3
vaKWuDQDKsE,2025-07-17T07:15:51Z,UCuTAXTexrhetbOe3zgskJBQ,日テレNEWS,【昼ニュースライブ】最新ニュースと生活情報（7月17日） ──THE LATEST NEWS SUMMARY（日テレNEWS LIVE）,"・メンバーシップ「日テレNEWSクラブ」始まりました
月額290円で所属歴に応じ色が変化しステータスアップしていくバッジ特典や、ライブ配信のチャットで使えるスタンプなどの基本機能が特典となります!! 
https://www.youtube.com/channel/UCuTAXTexrhetbOe3zgskJBQ/join

【ラインアップ】
・東海から四国にかけて大雨　低い土地の浸水や土砂災害などに厳重警戒
・セブン＆アイ、買収提案撤回したクシュタール社に反論
・トランプ大統領　日本との関税交渉「おそらく書簡の通りに」
・トランプ大統領が“FRB議長を近く解任する可能性”米メディア報道…トランプ氏は否定
・イスラエル軍、シリア国防省など空爆…“武力衝突への軍事介入に対する攻撃”7
・盗まれた電線ケーブル約800キロを盗品と知りながら買い取りか　「ナンセイスチール」相模原工場の責任者ら中国籍の男2人逮捕　全国で盗まれたケーブルの“集積地”の可能性も　神奈川県警
・男性を約3か月監禁・暴行か　“金づちで殴る”“熱湯かける”など重傷負わせる…7人逮捕
・公園のトイレで女性に性的暴行か　ネパール人の男逮捕
・女性に“性的暴行”、ナイフ突きつけケガさせたか　男逮捕　東京・新宿区
・恐竜の子どもの化石、約45億円で落札　恐竜化石で史上3番目の落札額
・冠水「検証映像」昼と夜の見え方に違い　突風にも注意…“ダウンバースト”“ガストフロント”とは？
・帰島希望の鹿児島・十島村住民、村営船で島に向け出航　トカラ列島近海震源の群発地震
・トランプ大統領“書簡通り”日本に関税25％を発動する可能性に言及
・イスラエル軍、シリア国防省など空爆…“武力衝突への軍事介入に対する攻撃”
・中学校で生徒2人を切りつけケガさせたか…男子中学生を現行犯逮捕　福島市
・宮城・村井知事、参政党・神谷代表の発言に強い憤り　県の水道事業めぐり
・富士通、最新のAI技術を公開　認知症検知にも

ほか


◇日本テレビ報道局のSNS
X（旧Twitter）　https://twitter.com/news24ntv
TikTok　https://www.tiktok.com/@ntv.news
Facebook　https://www.facebook.com/ntvnews24
Instagram　https://www.instagram.com/ntv_news24/?hl=ja

◇【最新ニュース配信中】日テレNEWS  
https://news.ntv.co.jp/

#日テレ​​　#ニュース​　#live　#まとめ　#ntv　#live　#日テレnewsnnn　#事件　#事故　#参議院選挙　#アメリカ　#トランプ大統領　#インドネシア　#兵庫県　#松本智津夫元死刑囚　#イタリア　#ミラノコルティナ冬季オリンピックパラリンピック","['news', 'ニュース', '日テレNEWS', '日テレ', '最新情報', 'NEWS', '事件', '事故', '地震', '政治', '社会', '国際', '首相', '大統領', 'news_ntv', 'latest news', 'live', 'ライブ', 'まとめ', 'UCuTAXTexrhetbOe3zgskJBQ', '日本テレビ', '日本', 'Japan', 'Tokyo', 'NTV', '報道', '@ntv_news']",https://i.ytimg.com/vi/vaKWuDQDKsE/hqdefault.jpg,25,19797,90,0,PT2H37M5S,false,日テレNEWS,兵庫;参議院選挙;東京;神谷,4
h3JNuods__o,2025-07-17T02:00:06Z,UCuTAXTexrhetbOe3zgskJBQ,日テレNEWS,参院選シリーズ③国民×れいわ×共産▽最新情勢調査▽消費税減税・廃止で財源確保の実現性は▽軍機接近…日本に圧力強める中国への対策は▽“トランプ関税”どう対応“日本の外交・安全保障は,"（2025年7月16日放送 BS 日テレ「深層NEWS」より）(c)NTV
深層NEWSは月～金曜 よる6時58分から生放送
いち早くご覧になりたい方はBS日テレで！

【ゲスト】
浅野哲（国民民主党選対委員長代行）
高井崇志（れいわ新選組幹事長）
山添拓（共産党政策委員長）

【キャスター】
右松健太（日本テレビ報道局）

【コメンテーター】
伊藤俊行（読売新聞編集委員）

【解説】
伊佐治健（日本テレビ解説委員長）

【アナウンサー】
郡司恭子（日本テレビ）

#深層NEWS　#日テレ　#BS日テレ　#読売新聞　#参議院選挙　#消費減税　#トランプ関税　#浅野哲　#高井崇志　#山添拓 #右松健太　#伊藤俊行　#伊佐治健　#郡司恭子

◇「深層NEWS」は、月～金　午後6時58分よりBS日テレにて生放送　
https://www.bs4.jp/shinsou/#lineupbuilder 

◇読売新聞購読申し込みはこちら　明日からでもお届け開始します　
https://434381.yomiuri.co.jp/?cc=tjDX...

◇メンバーシップ「日テレNEWSクラブ」始まりました 月額290円で所属歴に応じ色が変化しステータスアップしていくバッジ特典や、ライブ配信のチャットで使えるスタンプなどの基本機能が特典となります!! https://www.youtube.com/channel/UCuTA...

◇日本テレビ報道局のSNS
Twitter　https://twitter.com/news24ntv","['news', 'ニュース', '日テレNEWS', '日テレ', '最新情報', 'NEWS', '事件', '事故', '地震', '政治', '社会', '国際', '首相', '大統領', 'news_ntv', 'latest news', 'live', 'ライブ', 'まとめ', 'UCuTAXTexrhetbOe3zgskJBQ', '日本テレビ', '日本', 'Japan', 'Tokyo', 'NTV', '報道', '@ntv_news']",https://i.ytimg.com/vi/h3JNuods__o/hqdefault.jpg,25,35434,242,110,PT50M28S,false,日テレNEWS,参議院選挙;参院;参院選,3
fAQZltO3gVs,2025-07-17T01:23:00Z,UCuTAXTexrhetbOe3zgskJBQ,日テレNEWS,【夜ニュースライブ】最新ニュースと生活情報（7月16日） ──THE LATEST NEWS SUMMARY（日テレNEWS LIVE）,"・メンバーシップ「日テレNEWSクラブ」始まりました
月額290円で所属歴に応じ色が変化しステータスアップしていくバッジ特典や、ライブ配信のチャットで使えるスタンプなどの基本機能が特典となります!! 
https://www.youtube.com/channel/UCuTAXTexrhetbOe3zgskJBQ/join

【ラインアップ】
・関東や東海、17日も大雨のおそれ　浸水や川の増水に引き続き注意を
・関東・東海で続く“警報級大雨”　局地的に激しい雨、道路冠水も
・【解説】与党の過半数「厳しい情勢」参院選の終盤情勢を分析
・【参院選】“全国最多”激戦の首都決戦を取材…7議席は誰に
・【参院選】終盤の情勢分析　与党は序盤より悪化　国民民主・参政は勢い維持
・人集まる場所でクマ目撃相次ぐ　リゾートホテルに出没…威嚇で「恐怖」　ゴルフ大会中止も
・258室分ウソ予約しホテルの業務妨害の疑い　逮捕の男、宿泊時にテレビめぐりトラブルか
・島外避難中の悪石島住民16人、今夜の船で帰島へ
・日本生命の社員、出向先の三菱UFJ銀行の内部情報を無断で持ち出し
・「土用の丑の日」前に…うなぎ輸入がピーク　成田空港
・医療機器を多く使うよう便宜…賄賂受け取ったか　長野の総合病院医師ら書類送検　警視庁
・中国外務省「司法機関は厳格に法律に基づいて事案を処理」アステラス製薬社員に実刑判決　反スパイ法違反の罪
・米政権、ロサンゼルス派遣州兵の半数を撤収へ
・学習塾で男子小学生にわいせつか　経営者の男逮捕
・富士通、最新のAI技術を公開　認知症検知にも
・被爆80年　約7万人が眠る「原爆供養塔」納骨室、10年ぶりに公開　広島・平和公園
・トランプ大統領、日本に予告通り25％の関税を発動する可能性示唆　来月1日から
・「エンジン音がうるさくストレス」“公道カート”貸し出す会社に放火未遂か　28歳男逮捕
・18歳未満と知りながら“メンコンカフェ”に女子高校生入店させたか　キャストの男逮捕

◇日本テレビ報道局のSNS
X（旧Twitter）　https://twitter.com/news24ntv
TikTok　https://www.tiktok.com/@ntv.news
Facebook　https://www.facebook.com/ntvnews24
Instagram　https://www.instagram.com/ntv_news24/?hl=ja

◇【最新ニュース配信中】日テレNEWS  
https://news.ntv.co.jp/


#日テレ​​　#ニュース​　#live　#まとめ　#ntv　#live　#日テレnewsnnn","['news', 'ニュース', '日テレNEWS', '日テレ', '最新情報', 'NEWS', '事件', '事故', '地震', '政治', '社会', '国際', '首相', '大統領', 'news_ntv', 'latest news', 'live', 'ライブ', 'まとめ', 'UCuTAXTexrhetbOe3zgskJBQ', '日本テレビ', '日本', 'Japan', 'Tokyo', 'NTV', '報道', '@ntv_news']",https://i.ytimg.com/vi/fAQZltO3gVs/hqdefault.jpg,25,14016,42,2,PT4H46M39S,false,日テレNEWS,参院;参院選,2
eoDQ7E8KGBY,2025-07-17T01:23:03Z,UCuTAXTexrhetbOe3zgskJBQ,日テレNEWS,【夜ニュースライブ】最新ニュースと生活情報（7月16日） ──THE LATEST NEWS SUMMARY（日テレNEWS LIVE）,"・メンバーシップ「日テレNEWSクラブ」始まりました
月額290円で所属歴に応じ色が変化しステータスアップしていくバッジ特典や、ライブ配信のチャットで使えるスタンプなどの基本機能が特典となります!! 
https://www.youtube.com/channel/UCuTAXTexrhetbOe3zgskJBQ/join

【ラインアップ】
・関東や東海、17日も大雨のおそれ　浸水や川の増水に引き続き注意を
・関東・東海で続く“警報級大雨”　局地的に激しい雨、道路冠水も
・【解説】与党の過半数「厳しい情勢」参院選の終盤情勢を分析
・【参院選】“全国最多”激戦の首都決戦を取材…7議席は誰に
・【参院選】終盤の情勢分析　与党は序盤より悪化　国民民主・参政は勢い維持
・人集まる場所でクマ目撃相次ぐ　リゾートホテルに出没…威嚇で「恐怖」　ゴルフ大会中止も
・258室分ウソ予約しホテルの業務妨害の疑い　逮捕の男、宿泊時にテレビめぐりトラブルか
・島外避難中の悪石島住民16人、今夜の船で帰島へ
・日本生命の社員、出向先の三菱UFJ銀行の内部情報を無断で持ち出し
・「土用の丑の日」前に…うなぎ輸入がピーク　成田空港
・医療機器を多く使うよう便宜…賄賂受け取ったか　長野の総合病院医師ら書類送検　警視庁
・中国外務省「司法機関は厳格に法律に基づいて事案を処理」アステラス製薬社員に実刑判決　反スパイ法違反の罪
・米政権、ロサンゼルス派遣州兵の半数を撤収へ
・学習塾で男子小学生にわいせつか　経営者の男逮捕
・富士通、最新のAI技術を公開　認知症検知にも
・被爆80年　約7万人が眠る「原爆供養塔」納骨室、10年ぶりに公開　広島・平和公園
・トランプ大統領、日本に予告通り25％の関税を発動する可能性示唆　来月1日から
・「エンジン音がうるさくストレス」“公道カート”貸し出す会社に放火未遂か　28歳男逮捕
・18歳未満と知りながら“メンコンカフェ”に女子高校生入店させたか　キャストの男逮捕

◇日本テレビ報道局のSNS
X（旧Twitter）　https://twitter.com/news24ntv
TikTok　https://www.tiktok.com/@ntv.news
Facebook　https://www.facebook.com/ntvnews24
Instagram　https://www.instagram.com/ntv_news24/?hl=ja

◇【最新ニュース配信中】日テレNEWS  
https://news.ntv.co.jp/


#日テレ​​　#ニュース​　#live　#まとめ　#ntv　#live　#日テレnewsnnn","['news', 'ニュース', '日テレNEWS', '日テレ', '最新情報', 'NEWS', '事件', '事故', '地震', '政治', '社会', '国際', '首相', '大統領', 'news_ntv', 'latest news', 'live', 'ライブ', 'まとめ', 'UCuTAXTexrhetbOe3zgskJBQ', '日本テレビ', '日本', 'Japan', 'Tokyo', 'NTV', '報道', '@ntv_news']",https://i.ytimg.com/vi/eoDQ7E8KGBY/hqdefault.jpg,25,11984,32,0,PT3H11M40S,false,日テレNEWS,参院;参院選,2
6fEB-0JzPw0,2025-07-17T09:17:01Z,UCuTAXTexrhetbOe3zgskJBQ,日テレNEWS,【参院選】20日に投開票…終盤戦、各党の情勢は？,"20日に投開票が行われる参議院選挙について、選挙戦終盤の情勢分析をお伝えします。

この動画の記事を読む＞
https://news.ntv.co.jp/category/politics/b183cc29c47544f49ed524a222d4b7f5

　　　◇

各政党の議席獲得がどうなるのか分析しました。

自民党は苦戦する選挙区が増えていて、30議席台半ばにとどまる見通しです。公明党も10議席以上獲得できるかギリギリの攻防が続いています。

立憲民主党は勢いを維持していて、30議席台をうかがっています。

同じく、勢いが衰えていないのが、国民民主党と参政党です。

国民民主党は目標とする16議席を上回る可能性があり、参政党も2ケタ議席を上回る勢いです。

6議席以上の獲得を目指す日本維新の会は、伸び悩みが続いています。

共産党も不振が続いていて、改選7議席を割り込む情勢です。

れいわ新選組は堅実で、改選2議席から議席を上積みする可能性があります。

保守党は比例代表で複数議席を獲得する情勢です。

社民党は比例代表で議席を獲得する可能性があります。

　　　◇

では、与党は目標としている参議院全体の過半数を維持できるのでしょうか？

そもそも与党は、今回の選挙の対象ではない「非改選議席」が75議席あります。過半数125議席をとるためには、50議席を獲得する必要があります。

しかし自民・公明の情勢をみると、与党で50議席を確保して過半数を維持するのは、厳しい情勢になったことがわかりました。
（2025年7月17日放送「news every.」より）

◇メンバーシップ「日テレNEWSクラブ」始まりました
月額290円で所属歴に応じ色が変化しステータスアップしていくバッジ特典や、ライブ配信のチャットで使えるスタンプなどの基本機能が特典となります!! 
https://www.youtube.com/channel/UCuTAXTexrhetbOe3zgskJBQ/join
 
◇日本テレビ報道局のSNS
X　https://twitter.com/news24ntv
TikTok　https://www.tiktok.com/@ntv.news
Facebook　https://www.facebook.com/ntvnews24
Instagram　https://www.instagram.com/ntv_news24/?hl=ja
 
◇【最新ニュース配信中】日テレNEWS  
https://news.ntv.co.jp/

#参院選　#情勢分析　#議席　#日テレ　#newsevery　#ニュース","['参議院選挙', '政党フカボリ', '参議院選挙2025', '政治']",https://i.ytimg.com/vi/6fEB-0JzPw0/hqdefault.jpg,25,165328,515,414,PT1M56S,false,日テレNEWS,参議院選挙;参院;参院選;改選;比例代表;自民,6
35Ggtk6Oknw,2025-07-17T11:36:57Z,UCuTAXTexrhetbOe3zgskJBQ,日テレNEWS,【参院選】支持層固め切れず…比例から見る“自民の課題”,"参議院選挙の投票まであと3日です。各党の政策や課題を一気にフカボリし、投票の参考になる情報を、日本テレビ井上幸昌政治部長とともにお伝えします。

この動画の記事を読む＞
https://news.ntv.co.jp/category/politics/94ea5390cfab4653acc3188a1cf557a9

　　　　◇

普段支持する政党に比例代表で投票する人の割合は、自民党が75％と維新と同率で一番低いことがわかります。

――公明党は90％を超えていて、他の政党も多くが80％を超えているのとは違います

普通に考えたら、支持する政党に入れるものです。つまり、支持層を固め切れていないということになります。では、残りの25％はどこへ流れたのでしょうか？

自民支持層に限った比例の投票先は、同じ与党の公明党（3％）はありうるのですが、立憲（3％）や国民民主（3％）、参政党（4％）など野党にも広く分散してしまっていることがわかります。

――自民党支持の保守層が勢いのある参政党に流れていることが見えてきます

多くの自民党議員も実感として感じていて、ある政権幹部は「他の野党には負けてないんだが、自民党の減った分が全て参政党にのってしまってる」と危機感を強めています。
（2025年7月17日放送「news every.」より）

◇メンバーシップ「日テレNEWSクラブ」始まりました
月額290円で所属歴に応じ色が変化しステータスアップしていくバッジ特典や、ライブ配信のチャットで使えるスタンプなどの基本機能が特典となります!! 
https://www.youtube.com/channel/UCuTAXTexrhetbOe3zgskJBQ/join
 
◇日本テレビ報道局のSNS
X　https://twitter.com/news24ntv
TikTok　https://www.tiktok.com/@ntv.news
Facebook　https://www.facebook.com/ntvnews24
Instagram　https://www.instagram.com/ntv_news24/?hl=ja
 
◇【最新ニュース配信中】日テレNEWS  
https://news.ntv.co.jp/
 
#参議院選挙　#支持　#選挙　#日テレ　#newsevery　#ニュース","['参議院選挙', '政党フカボリ', '参議院選挙2025', '政治']",https://i.ytimg.com/vi/35Ggtk6Oknw/hqdefault.jpg,25,21933,155,88,PT1M26S,false,日テレNEWS,参議院選挙;参院;参院選;投票;比例代表;自民,6
gD5pToL5daU,2025-07-17T12:50:51Z,UCuTAXTexrhetbOe3zgskJBQ,日テレNEWS,【関税交渉どうなる？】“キーマン”ベッセント財務長官来日、18日に石破首相と会談へ  打撃受ける業者は…,"17日午後、日米関税交渉のキーパーソン、アメリカのベッセント財務長官が来日しました。トランプ大統領が来月1日から25％の関税を発動すると圧力を強める中、交渉はどうなるのでしょうか？

この動画の記事を読む＞
https://news.ntv.co.jp/category/economy/3a4a9382f2154ed88af59b13317cc7fc

　　　◇

17日午後3時すぎ、羽田空港に姿を見せたのは日米関税協議のアメリカ側の責任者、ベッセント財務長官です。

ベッセント長官は18日、石破首相と会談する予定です。

──8月1日までに、日本との合意は可能？

アメリカ　ベッセント財務長官
「来日できてうれしい」

8月1日に、関税発動の期限が迫りますが…。

トランプ大統領
「日本とは交渉中だが、おそらく書簡の通りになるだろう」

アメリカは、日本への圧力を強めています。

　　　◇

きめ細かい霜降りの脂、とろけるような食感が人気の「日本産牛肉」。この牛肉にも、関税の影響が出ています。日本産牛肉の輸出をする卸売業者は…。

和牛インターナショナル　今村慎侑さん
「ステーキが海外で出る。ステーキカットが結構多い」

この会社では、輸出している日本産牛肉の約3割がアメリカ向け。その牛肉にも、来月から25％の相互関税が追加でかかります。

和牛インターナショナル　澤田眞志さん
「世界各国で和牛の需要はすごく伸びてますし、市場も大きいですし、あえてアメリカに注力する必要もない」

また、中国が日本産の牛肉輸入を解禁する動きを見せていることについては、課題はあるとしつつも期待を寄せていました。

　　　◇

関税の影響が直撃するのは、他の業種でも…。

滋賀県の産業機械メーカーでつくっていたのは、印刷物をとじて本にする製本機です。

月に20台生産しているという製本機は、完成までに5日。自動化にも力を入れていますが、2300ある部品の組み立ては全て手作業です。

アメリカは売上高の約2割を占める、最大の取引先。

ホリゾン　堀英陽社長
「関税25％と言われると、非常に大きなインパクトを感じる。最悪の場合、アメリカ向けの出荷半減もシナリオとしては持っている」

今、関税協議が不透明な中、アメリカ側が製本機の購入を様子見する動きもあるといいます。

　　　◇

交渉の突破口が見いだせない中、政府関係者は…。

政府関係者
「我々は参議院選挙までに交渉をまとめることは諦めてない」

一方でこんな声も。

政府関係者
「アメリカもインフレできついはず。（関税引き上げの）8月1日までに降りたら負け」

日本は、交渉のキーマン来日のチャンスを生かせるのか。正念場を迎えています。
（2025年7月17日放送「news every.」より）

◇メンバーシップ「日テレNEWSクラブ」始まりました
月額290円で所属歴に応じ色が変化しステータスアップしていくバッジ特典や、ライブ配信のチャットで使えるスタンプなどの基本機能が特典となります!! 
https://www.youtube.com/channel/UCuTAXTexrhetbOe3zgskJBQ/join
 
◇日本テレビ報道局のSNS
X　https://twitter.com/news24ntv
TikTok　https://www.tiktok.com/@ntv.news
Facebook　https://www.facebook.com/ntvnews24
Instagram　https://www.instagram.com/ntv_news24/?hl=ja
 
◇【最新ニュース配信中】日テレNEWS  
https://news.ntv.co.jp/
 
#関税交渉　#ベッセント財務長官　#アメリカ　#日テレ　#newsevery　#ニュース",['経済'],https://i.ytimg.com/vi/gD5pToL5daU/hqdefault.jpg,25,8955,95,43,PT4M2S,false,日テレNEWS,参議院選挙;石破,2
WXwWbsOS5Xo,2025-07-17T05:30:24Z,UCuTAXTexrhetbOe3zgskJBQ,日テレNEWS,【 #選挙区フカボリ ⑥】4議席めぐり…16人が争う“激戦”神奈川,"参院選の投開票日まであと3日。日本テレビでは投票前に考える「関東の選挙区フカボリ」と題して、投票の参考になるよう各選挙区の候補者について、詳しくお伝えします。17日は神奈川選挙区です。4議席をめぐり、16人が争う激戦となっています。

この動画の記事を読む＞
https://news.ntv.co.jp/category/politics/bdb4bbeebdd441d89fdb059b4aa07a1b

　　　　　◇　　　　　◇　　　　　◇

終盤の情勢分析でもリードしている、立憲民主党の現職・牧山弘恵候補。

立憲民主党　牧山弘恵候補（60）
「食料品の消費税を8％から0％にすること。ガソリンの暫定税率を廃止して25.1円安くする。食料品そのものが値段が安くなりますから」

食料品の“消費税ゼロ”実現などを訴えています。

　　　◇

同じく先行するのが、自民党の新人・脇雅昭候補。

地元の神奈川県庁に務めた経験をアピールしています。

自民党　脇雅昭候補（43）
「不安や課題をしっかりと受け止めて政策に反映する。16年間、この行政の経験をいかして、この国政のど真ん中で、正しいものは正しい、おかしいものはおかしいと言える政治家を目指して」

　　　◇

先行する2人に続き競り合うのが、国民民主党の新人・籠島彰宏候補、公明党の現職・佐々木さやか候補、参政党の新人・初鹿野裕樹候補です。

元農水省職員の籠島候補は、海外勤務の経験をふまえ、手取りを増やす政策を訴えます。

国民民主党　籠島彰宏候補（36）
「日本国内の身の回りの物価だって、どんどん上がっていってしまう。解決するには日本の給料を上げないとまずいんだということを、私は海外で痛感したんです。国の発展だけでなく国民一人一人の発展、豊かさというものを、きちんと突き詰めていかなければいけない」

　　　◇

佐々木候補は物価高対策や所得の向上を訴えます。

公明党　佐々木さやか候補（44）
「皆様の暮らしを守っていく。減税と給付、これを組み合わせた誰もが安心できる物価高対策を必ず実現をしていくということ。もう一つは物価高を上回る収入のアップです」

　　　◇

警視庁で柔道指導者だった経験をアピールする初鹿野候補。

参政党　初鹿野裕樹候補（48）
「自分のことより地域のこと、日本のこと、そういった利他の精神がこの日本にはあった。日本の国益を最優先に守って、日本の歴史、伝統文化をしっかりと子どもたちに引き継いでゆく。日本人ファーストの国家をつくっていきます」

　　　◇

追い上げるのが、共産党の浅賀由香候補。

教育予算の引き上げや給料アップを訴えます。

共産党　浅賀由香候補（45）
「教育を自己責任にする国は発展しません。先進国最低レベルの教育予算をしっかりと引き上げる。国立も私立も短大も専門学校も、今すぐ授業料半額にすることができます」

　　　◇

続くれいわ新選組の三好諒候補は、元外務省職員で「対米追従外交からの脱却」を掲げています。

れいわ新選組　三好諒候補（40）
「今回のトランプ関税は、まさしくノーと言えない日本外交の象徴であると思っております。今こそ対米従属外交の体質に終止符を打つべきだと考えております」

　　　◇

追走する日本維新の会の千葉修平候補。

議員秘書などの経験をいかして社会保険料の引き下げなどを訴えます。

日本維新の会 千葉修平候補（53）
「社会保険料をちゃんと引き下げるために無駄をなくす。国民医療費を4兆円引き下げて、年間社会保険料6万円を引き下げる。11万床のベッドを減らすことで、年間1兆円の医療費を削減いたします」

　　　◇

社民党の金子豊貴男候補（75）は軍備増強の反対を訴えています。

NHK党の堀川圭輔候補（51）は、全ての増税への反対などを訴えています。

チームみらいの河合道雄候補（35）はテクノロジーによる教育のアップデートなどを掲げています。

このほかに、諸派の綾久候補（78）、無所属のみしまりえ候補（64）、諸派の内海聡候補（50）、諸派の畠山貴弘候補（45）、諸派の佐久間吾一候補（59）が立候補しています。
（2025年7月17日放送）

◇メンバーシップ「日テレNEWSクラブ」始まりました
月額290円で所属歴に応じ色が変化しステータスアップしていくバッジ特典や、ライブ配信のチャットで使えるスタンプなどの基本機能が特典となります!! 
https://www.youtube.com/channel/UCuTAXTexrhetbOe3zgskJBQ/join
 
◇日本テレビ報道局のSNS
X　https://twitter.com/news24ntv
TikTok　https://www.tiktok.com/@ntv.news
Facebook　https://www.facebook.com/ntvnews24
Instagram　https://www.instagram.com/ntv_news24/?hl=ja
 
◇【最新ニュース配信中】日テレNEWS  
https://news.ntv.co.jp/
 
#参院選　#神奈川選挙区　#候補者　#日テレ　#ニュース","['参議院選挙', '選挙区フカボリ', '参議院選挙2025', '政治']",https://i.ytimg.com/vi/WXwWbsOS5Xo/hqdefault.jpg,25,36537,187,182,PT4M16S,false,日テレNEWS,候補者;参議院選挙;参院;参院選;投票;自民,6
JPkwZdV_CUM,2025-07-17T10:34:13Z,UCuTAXTexrhetbOe3zgskJBQ,日テレNEWS,【参院選】年代別、どの党を支持？  “支持政党なし”動きは,"参議院選挙の投票まであと3日です。各党の政策や課題を一気にフカボリし、投票の参考になる情報を、日本テレビ・井上幸昌政治部長とともにお伝えします。

この動画の記事を読む＞
https://news.ntv.co.jp/category/politics/dfbcdbab51eb4bdb9a8bb7e1a2a8cf68

　　　　◇

年代別の比例の投票先から、今の動きが分かります。

18歳～39歳ではトップは国民民主党、2位は参政党、3位が自民党です。40歳～59歳では順位が入れ替わりまして、なんと参政党がトップ、続いて自民、国民民主となっています。

60歳以上になるとガラリと順位が変わります。トップは自民党、2位は立憲民主党、3位が参政党でした。

与野党の第一党ともに年齢の高い人たちに支えられ、現役世代の支持をそれほど集められていないことが分かります。

――各党のSNS戦略も影響？

参政党や国民民主はSNS戦略にたけているので、影響しているのは間違いないと思います。

では、支持政党がない人たちは、比例でどの政党に投票しようとしているのでしょうか。

3位は参政党と自民党、2位は国民民主党。そして、トップは立憲民主党です。立憲は各地で安定した戦いを展開はしているのですが、ある立憲幹部は「勢いでいうと、国民民主や参政に取られている」と分析しています。

1つの考え方として「将来の有権者」になりきって考えるというのもいいのではないかと思います。

例えば、今、5歳の子どもが20歳となる2040年、社会保障費は1.3倍ほどになる見込みです。さらにその子どもが30歳となる2050年、日本の人口はおよそ1億500万人、高齢者は全人口の37％ほどになる見込みです。

選挙は、今を生きる大人の利益を実現するための制度ではありますが、「将来の大人」になりきって、日本や世界がどうあってほしいか考えて投票先を選んでも良いのでは、と思います。
（2025年7月17日放送「news every.」より）

◇メンバーシップ「日テレNEWSクラブ」始まりました
月額290円で所属歴に応じ色が変化しステータスアップしていくバッジ特典や、ライブ配信のチャットで使えるスタンプなどの基本機能が特典となります!! 
https://www.youtube.com/channel/UCuTAXTexrhetbOe3zgskJBQ/join
 
◇日本テレビ報道局のSNS
X　https://twitter.com/news24ntv
TikTok　https://www.tiktok.com/@ntv.news
Facebook　https://www.facebook.com/ntvnews24
Instagram　https://www.instagram.com/ntv_news24/?hl=ja
 
◇【最新ニュース配信中】日テレNEWS  
https://news.ntv.co.jp/

#参議院選挙　#支持政党　#選挙　#日テレ　#newsevery　#ニュース","['参議院選挙', '政党フカボリ', '参議院選挙2025', '政治']",https://i.ytimg.com/vi/JPkwZdV_CUM/hqdefault.jpg,25,16439,175,202,PT2M37S,false,日テレNEWS,参議院選挙;参院;参院選;投票;自民,5
nK5na_w0T78,2025-07-17T09:01:11Z,UCuTAXTexrhetbOe3zgskJBQ,日テレNEWS,「社会保険料が高すぎ」藤井貴彦が党首にきく！日本維新の会 吉村洋文代表【参院選2025】#参議院選挙 #newszero #日テレnews,"フルバージョンはこちら
https://www.youtube.com/watch?v=llctKN6ckuU&list=PLagjDvQ583UQHkJ3fsFkTIw5OCkWhlmNZ&index=4

◇メンバーシップ「日テレNEWSクラブ」始まりました
月額290円で所属歴に応じ色が変化しステータスアップしていくバッジ特典や、ライブ配信のチャットで使えるスタンプなどの基本機能が特典となります!! 
https://www.youtube.com/channel/UCuTAXTexrhetbOe3zgskJBQ/join

◇日本テレビ報道局のSNS
X　https://twitter.com/news24ntv
TikTok　https://www.tiktok.com/@ntv.news
Facebook　https://www.facebook.com/ntvnews24
Instagram　https://www.instagram.com/ntv_news24/?hl=ja
Podcast　https://open.spotify.com/show/0qPKGdVKMgSRuc8fCgJyqm

◇【最新ニュース配信中】日テレNEWS  
https://news.ntv.co.jp/

#日テレ​​　#ニュース​​　#参議院 　#選挙　#日本維新の会 　#吉村洋文代表","['news', 'ニュース', '日テレNEWS', '日テレ', '最新情報', 'NEWS', '事件', '事故', '地震', '政治', '社会', '国際', '首相', '大統領', 'news_ntv', 'latest news', 'live', 'ライブ', 'まとめ', 'UCuTAXTexrhetbOe3zgskJBQ', '日本テレビ', '日本', 'Japan', 'Tokyo', 'NTV', '報道', '@ntv_news']",https://i.ytimg.com/vi/nK5na_w0T78/hqdefault.jpg,25,7879,43,6,PT1M,false,日テレNEWS,参議院選挙;参院;参院選,3
8ajUksCkAmI,2025-07-17T03:51:14Z,UCuTAXTexrhetbOe3zgskJBQ,日テレNEWS,【それって本当？】政府も危機感…外国勢力が参院選に介入？  “不審な拡散”か…「公約を守らない」首相の誤情報も  目的は？,"20日投開票の参議院選挙で、政府は「外国勢力が介入している可能性がある」と警戒しています。誤った情報もあるサイトの記事を引用したアカウントが、相次いで凍結。不審な拡散のされ方をしているという指摘もあります。何が起きているのでしょうか？

この動画の記事を読む＞
https://news.ntv.co.jp/category/politics/03b627ad1ff84090b380d0825956d340

■「外国勢力が影響」…政府の危機感

青木官房副長官は16日、会見でこう述べました。

「政府としては、我が国もこのような影響工作の対象になっているとの認識のもと、外国からのニセ情報等の収集・集約・分析やニセ情報等に対する対外発信等について、一体的に推進しているところです」

平デジタル相も15日、「外国においてはですね、他国から介入される事例なども見て取れるので、注意深く見ていく必要があるんだろうと思っています」と説明しました。

政府は「SNS上で外国勢力が拡散に影響を与えている可能性がある」として、危機感をあらわにしました。

■切り抜きも…まとめサイトが話題

SNS上で話題に上がっているのが、JAPAN NEWS NAVIというまとめサイトです。

このサイトのXのアカウントと、このアカウントに関連すると認定された複数のアカウントがXのルールに違反したとして、相次いで凍結されました。一体何があったのでしょうか。

JAPAN NEWS NAVIは、国内外のニュースを取り扱っています。「日本のニュースと日本人の反応をまとめたサイト」としていますが、中には誤った情報もあります。

ある記事では、「当選したのだから公約を守るという事ではありません」というタイトルでXの投稿を紹介しています。投稿の中では石破首相の発言が切り抜かれていました。

■「参院選で公約守らない」意味で拡散

動画を再生してみると「掲げました政策が、私が当選したのだからこの通りにやるということにはなりません」という石破首相の声が。この発言が、「参院選で公約を守らない」という意味で拡散されていました。

しかしこれは、総裁選後の去年12月、予算委員会の時の発言です。総裁選で自分が掲げた政策を、党として全てやるわけではないという趣旨の発言で、今回の参院選の公約に関する発言ではありません。

石破首相について事実とは異なる情報を掲載していたJAPAN NEWS NAVI。今回凍結されたアカウントは、このまとめサイトの記事を引用した投稿を多く行っていました。

■専門家に聞く…“不審な投稿”指摘も

このアカウントの投稿が、不審な拡散のされ方をしているという指摘もあります。

都内のサイバーセキュリティー会社「Japan Nexus Intelligence（JNI）」のヘッドアナリストの竜口七彩さんは「JAPAN NEWS NAVIの投稿にリプライ（返信）やリポスト（引用投稿）をしているアカウント群になります」と、分析結果を見せてくれました。

今年2月から3月に同社が調べたのは、JAPAN NEWS NAVIの投稿を拡散しているアカウントについて。拡散しているアカウントを小さな赤い丸で示すなど、アカウントの分布が図で示されています。

竜口さん
「赤い丸がボット的（機械的）とツールが判定しています。大体35%のボット（的なもの）がいるのは、割合としては高い」

ボット的とは、特定のアカウントに対する返信や引用を自動で行い、拡散しているとみられるものです。

■不審な拡散をするアカウントの特徴

このような不審な拡散をするアカウントの特徴は、アイコン写真が設定されていない、 オリジナルの投稿が少なく他者の再投稿にほぼ専念している、長期間活動を停止した後、突然活動が急増している、などが挙げられるといいます。

竜口さん
「ひとつの声なのに、1000の声として表れてしまう。ある種の水増しという、うごめきかなと評価できます」

■選挙期間中の不審な拡散…政界は？

選挙期間中に発覚したSNSでの不審な拡散。政界からもさまざまな声が上がっています。

国民民主党・玉木代表のX
「外国勢力からの選挙への介入工作は国会でも問題視してきたので、まずは調べてみたい」

自民党・河野太郎議員のX
「日本の選挙にも、外国、とくにロシアの干渉が広がっていると言われています」

■目的は「日本社会の分断」？

外国勢力が介入しているとすると、何が目的なのでしょうか？

JNIの髙森雅和代表
「日本国内に分断をつくろうということが一番の目的ではないかと。日本の社会を分断させて不安定化させて、そこに対してお互いが不信や不安をあおっていって、不安定化させるってことが一番大きいと思います」 

選挙に外国勢力が介入している可能性があるとして、政府も警戒している今回の参院選。拡散されている投稿が真実か、冷静に見極める必要があります。
(2025年7月16日放送「news every.」より）

◇メンバーシップ「日テレNEWSクラブ」始まりました
月額290円で所属歴に応じ色が変化しステータスアップしていくバッジ特典や、ライブ配信のチャットで使えるスタンプなどの基本機能が特典となります!! 
https://www.youtube.com/channel/UCuTAXTexrhetbOe3zgskJBQ/join
 
◇日本テレビ報道局のSNS
X　https://twitter.com/news24ntv
TikTok　https://www.tiktok.com/@ntv.news
Facebook　https://www.facebook.com/ntvnews24
Instagram　https://www.instagram.com/ntv_news24/?hl=ja
 
◇【最新ニュース配信中】日テレNEWS  
https://news.ntv.co.jp/
 
#参議院選挙　#SNS　#拡散　#日テレ　#newsevery　#ニュース","['参議院選挙', 'それって本当？', '政治']",https://i.ytimg.com/vi/8ajUksCkAmI/hqdefault.jpg,25,6502,140,112,PT5M36S,false,日テレNEWS,参議院選挙;参院;参院選;玉木;石破;自民,6
5nDhWatSFzU,2025-07-17T13:11:55Z,UCuTAXTexrhetbOe3zgskJBQ,日テレNEWS,【政党フカボリSP】各党の政策・課題・情勢…参院選の“気になるポイント”まとめて解説,"20日に投開票が行われる参議院選挙について、各党の政策や課題を一気にフカボリし、投票の参考になる情報を、日本テレビ・井上幸昌政治部長とともにまとめてお伝えします。
（2025年7月17日放送「news every.」より）

◇メンバーシップ「日テレNEWSクラブ」始まりました
月額290円で所属歴に応じ色が変化しステータスアップしていくバッジ特典や、ライブ配信のチャットで使えるスタンプなどの基本機能が特典となります!! 
https://www.youtube.com/channel/UCuTAXTexrhetbOe3zgskJBQ/join
 
◇日本テレビ報道局のSNS
X　https://twitter.com/news24ntv
TikTok　https://www.tiktok.com/@ntv.news
Facebook　https://www.facebook.com/ntvnews24
Instagram　https://www.instagram.com/ntv_news24/?hl=ja
 
◇【最新ニュース配信中】日テレNEWS  
https://news.ntv.co.jp/

#参議院選挙　#選挙　#日テレ　#newsevery　#ニュース","['参議院選挙', '政党フカボリ', '参議院選挙2025', '政治']",https://i.ytimg.com/vi/5nDhWatSFzU/hqdefault.jpg,25,3167,42,31,PT32M51S,false,日テレNEWS,参議院選挙;参院;参院選;投票,4
806wKxeDYKw,2025-07-17T09:00:11Z,UCuTAXTexrhetbOe3zgskJBQ,日テレNEWS,「“揺るぎない日本”を」藤井貴彦が党首にきく！自由民主党 石破茂総裁【参院選2025】#参議院選挙 #newszero #日テレnews,"◇メンバーシップ「日テレNEWSクラブ」始まりました
月額290円で所属歴に応じ色が変化しステータスアップしていくバッジ特典や、ライブ配信のチャットで使えるスタンプなどの基本機能が特典となります!! 
https://www.youtube.com/channel/UCuTAXTexrhetbOe3zgskJBQ/join

◇日本テレビ報道局のSNS
X　https://twitter.com/news24ntv
TikTok　https://www.tiktok.com/@ntv.news
Facebook　https://www.facebook.com/ntvnews24
Instagram　https://www.instagram.com/ntv_news24/?hl=ja
Podcast　https://open.spotify.com/show/0qPKGdVKMgSRuc8fCgJyqm

◇【最新ニュース配信中】日テレNEWS  
https://news.ntv.co.jp/

#​#日テレ​​　#ニュース​​　#選挙　#自由民主党　#石破茂総裁","['news', 'ニュース', '日テレNEWS', '日テレ', '最新情報', 'NEWS', '事件', '事故', '地震', '政治', '社会', '国際', '首相', '大統領', 'news_ntv', 'latest news', 'live', 'ライブ', 'まとめ', 'UCuTAXTexrhetbOe3zgskJBQ', '日本テレビ', '日本', 'Japan', 'Tokyo', 'NTV', '報道', '@ntv_news']",https://i.ytimg.com/vi/806wKxeDYKw/hqdefault.jpg,25,7083,16,13,PT1M19S,false,日テレNEWS,参議院選挙;参院;参院選;石破;茂,5
7n2uFKTy06w,2025-07-17T11:42:16Z,UCuTAXTexrhetbOe3zgskJBQ,日テレNEWS,【夜ニュースライブ】最新ニュースと生活情報（7月17日） ──THE LATEST NEWS SUMMARY（日テレNEWS LIVE）,"・メンバーシップ「日テレNEWSクラブ」始まりました
月額290円で所属歴に応じ色が変化しステータスアップしていくバッジ特典や、ライブ配信のチャットで使えるスタンプなどの基本機能が特典となります!! 
https://www.youtube.com/channel/UCuTAXTexrhetbOe3zgskJBQ/join

【ラインアップ】
・高知・徳島で線状降水帯のおそれ　災害の危険度高まる…警戒を
・関税交渉どうなる？　“キーマン”ベッセント財務長官来日、18日に石破首相と会談へ　打撃受ける業者は…
・生中継中に空爆…記者逃げ惑う　イスラエル軍、シリア国防省の建物を攻撃
・「もっとカネあんだろ」熱湯かけるなど…逮捕監禁致傷の疑い　建設会社社長ら7人を逮捕
・田んぼを悠々と歩くクマ…取材班が遭遇　2日連続の出没　宮城・富谷市
・「お父さん、お母さんと泣き叫んでる」と通報　自宅に子ども3人置き去りで外出したか…両親逮捕　札幌市
・台湾市民ら、防空避難訓練に参加　中国からの攻撃を想定
・新駐日米大使、天皇陛下に信任状を手渡す　皇居で信任状捧呈式
・台風の発生予想、1週間前に前倒し発表へ　2030年めどに
・“刃物男”想定　羽田空港でテロ対処訓練
・東京・立川市の小学校で教諭らに暴行　男2人、初公判で起訴内容認める
・「社長に会わせろよ」債権回収目的で強要か　神奈川県警の現職警察官ら4人逮捕
・覚醒剤8.2億円相当を密輸か　女を逮捕　福井県
・空き家に侵入、スピーカーなど70万円相当盗んだか　ベトナム人の男4人逮捕

ほか

◇日本テレビ報道局のSNS
X（旧Twitter）　https://twitter.com/news24ntv
TikTok　https://www.tiktok.com/@ntv.news
Facebook　https://www.facebook.com/ntvnews24
Instagram　https://www.instagram.com/ntv_news24/?hl=ja

◇【最新ニュース配信中】日テレNEWS  
https://news.ntv.co.jp/

#日テレ​​　#ニュース​　#live　#まとめ　#ntv　#live　#日テレnewsnnn　#事件　#事故　#参議院選挙　#アメリカ　#トランプ大統領　#インドネシア　#兵庫県　#松本智津夫元死刑囚　#イタリア　#ミラノコルティナ冬季オリンピックパラリンピック","['news', 'ニュース', '日テレNEWS', '日テレ', '最新情報', 'NEWS', '事件', '事故', '地震', '政治', '社会', '国際', '首相', '大統領', 'news_ntv', 'latest news', 'live', 'ライブ', 'まとめ', 'UCuTAXTexrhetbOe3zgskJBQ', '日本テレビ', '日本', 'Japan', 'Tokyo', 'NTV', '報道', '@ntv_news']",https://i.ytimg.com/vi/7n2uFKTy06w/hqdefault_live.jpg,25,1606,12,0,P0D,false,日テレNEWS,兵庫;参議院選挙;東京;石破,4
ucmaOd_NaWU,2025-07-17T09:01:22Z,UCuTAXTexrhetbOe3zgskJBQ,日テレNEWS,「選挙後の政権の枠組みは」藤井貴彦が党首にきく！国民民主党　玉木雄一郎代表【参院選2025】#参議院選挙 #newszero #日テレnews,"フルバージョンはこちら
https://www.youtube.com/watch?v=0Qu71-ydn0c&list=PLagjDvQ583UQHkJ3fsFkTIw5OCkWhlmNZ&index=2

◇メンバーシップ「日テレNEWSクラブ」始まりました
月額290円で所属歴に応じ色が変化しステータスアップしていくバッジ特典や、ライブ配信のチャットで使えるスタンプなどの基本機能が特典となります!! 
https://www.youtube.com/channel/UCuTAXTexrhetbOe3zgskJBQ/join

◇日本テレビ報道局のSNS
X　https://twitter.com/news24ntv
TikTok　https://www.tiktok.com/@ntv.news
Facebook　https://www.facebook.com/ntvnews24
Instagram　https://www.instagram.com/ntv_news24/?hl=ja
Podcast　https://open.spotify.com/show/0qPKGdVKMgSRuc8fCgJyqm

◇【最新ニュース配信中】日テレNEWS  
https://news.ntv.co.jp/

#日テレ​​　#ニュース​​　#参議院 　#選挙　#国民民主党　#玉木雄一郎代表","['news', 'ニュース', '日テレNEWS', '日テレ', '最新情報', 'NEWS', '事件', '事故', '地震', '政治', '社会', '国際', '首相', '大統領', 'news_ntv', 'latest news', 'live', 'ライブ', 'まとめ', 'UCuTAXTexrhetbOe3zgskJBQ', '日本テレビ', '日本', 'Japan', 'Tokyo', 'NTV', '報道', '@ntv_news']",https://i.ytimg.com/vi/ucmaOd_NaWU/hqdefault.jpg,25,8246,79,1,PT1M6S,false,日テレNEWS,参議院選挙;参院;参院選;玉木;雄一郎,5
sVbcgI23edI,2025-07-17T09:30:29Z,UCuTAXTexrhetbOe3zgskJBQ,日テレNEWS,【参院選】愛媛５人の候補者の｢私が選挙に挑む理由｣　NNNセレクション,"今月２０日に投開票の参院選。猛暑の中、愛媛県内では５人の候補者による論戦が繰り広げられています。どのような思いで、そしてなぜ選挙に挑むのか。候補者を追いかけました。
（2025年7月14日放送「NEWS CH.4」より）
※動画内のデータは、放送時点のものです。

↓↓チャンネル登録もお願いします！↓↓
https://www.youtube.com/c/RNBnewsch4

◇愛媛のニュースは　南海放送　NEWS CH.4　月～金　夕方 6 時 15 分から
　公式X）   https://x.com/RNB_houdou
　公式HP）https://ch4.rnb.co.jp/

◇南海放送チャンネル
　https://www.youtube.com/channel/UCInyVB_TFV16f0yoqKa3Ftg

◇メンバーシップ「日テレNEWSクラブ」始まりました
月額290円で所属歴に応じ色が変化しステータスアップしていくバッジ特典や、ライブ配信のチャットで使えるスタンプなどの基本機能が特典となります!! 
https://www.youtube.com/channel/UCuTAXTexrhetbOe3zgskJBQ/join

◇日本テレビ報道局のSNS
X　https://twitter.com/news24ntv
TikTok　https://www.tiktok.com/@ntv.news
Facebook　https://www.facebook.com/ntvnews24
Instagram　https://www.instagram.com/ntv_news24/?hl=ja
Podcast　https://open.spotify.com/show/0qPKGdVKMgSRuc8fCgJyqm

◇【最新ニュース配信中】日テレNEWS  
https://news.ntv.co.jp/

#参院選　#選挙　#候補者　#密着
#南海放送　#愛媛のニュース　#newsch4
#日テレ​​　#ニュース​​","['news', 'ニュース', '日テレNEWS', '日テレ', '最新情報', 'NEWS', '事件', '事故', '地震', '政治', '社会', '国際', '首相', '大統領', 'news_ntv', 'latest news', 'live', 'ライブ', 'まとめ', 'UCuTAXTexrhetbOe3zgskJBQ', '日本テレビ', '日本', 'Japan', 'Tokyo', 'NTV', '報道', '@ntv_news']",https://i.ytimg.com/vi/sVbcgI23edI/hqdefault.jpg,25,1292,8,4,PT12M38S,false,日テレNEWS,候補者;参院;参院選,3
XZFyUyj3Bq0,2025-07-17T10:30:23Z,UCuTAXTexrhetbOe3zgskJBQ,日テレNEWS,【参院選】神奈川・情勢 16人乱立 新勢力の出現で現職ピンチ！立憲と自民が先行か  #shorts,"参議院選挙・神奈川選挙区の候補者と情勢について解説します。
神奈川県は定数４の議席を、１６人が争います。
前回は自民、公明、立憲、維新が議席を取りましたが、今回は新勢力の出現により、現職もピンチを迎えています。

■zero選挙 参議院選挙 2025
特設サイトはこちら👉 https://www.ntv.co.jp/election2025/

#自👉　#自民　#公明　#公明党　#立憲　#立憲民主党　#国民　#国民民主党　#参政　#参政党 
#維新　#日本維新の会　#共産　#日本共産党　#れいわ　#れいわ新選組　#保守　#日本保守党
#社民党　#社会民主党　#みらい　#チームみらい　#再生　#再生の道

◇メンバーシップ「日テレNEWSクラブ」始まりました
月額290円で所属歴に応じ色が変化しステータスアップしていくバッジ特典や、ライブ配信のチャットで使えるスタンプなどの基本機能が特典となります!! 
https://www.youtube.com/channel/UCuTAXTexrhetbOe3zgskJBQ/join

◇日本テレビ報道局のSNS
X　https://twitter.com/news24ntv
TikTok　https://www.tiktok.com/@ntv.news
Facebook　https://www.facebook.com/ntvnews24
Instagram　https://www.instagram.com/ntv_news24/?hl=ja
Podcast　https://open.spotify.com/show/0qPKGdVKMgSRuc8fCgJyqm

◇【最新ニュース配信中】日テレNEWS  
https://news.ntv.co.jp/

#日テレ​​　#ニュース​​","['news', 'ニュース', '日テレNEWS', '日テレ', '最新情報', 'NEWS', '事件', '事故', '地震', '政治', '社会', '国際', '首相', '大統領', 'news_ntv', 'latest news', 'live', 'ライブ', 'まとめ', 'UCuTAXTexrhetbOe3zgskJBQ', '日本テレビ', '日本', 'Japan', 'Tokyo', 'NTV', '報道', '@ntv_news']",https://i.ytimg.com/vi/XZFyUyj3Bq0/hqdefault.jpg,25,1067,15,2,PT1M46S,false,日テレNEWS,候補者;参議院選挙;参院;参院選;自民,5
slyuXcGMTc8,2025-07-17T09:01:15Z,UCuTAXTexrhetbOe3zgskJBQ,日テレNEWS,「安易に外国人や外国資本を入れたら」藤井貴彦が党首にきく！参政党 神谷宗幣代表【参院選2025】#参議院選挙 #newszero #日テレnews,"フルバージョンはこちら
https://www.youtube.com/watch?v=LGjk8m_GCJc&list=PLagjDvQ583UQHkJ3fsFkTIw5OCkWhlmNZ&index=1

◇メンバーシップ「日テレNEWSクラブ」始まりました
月額290円で所属歴に応じ色が変化しステータスアップしていくバッジ特典や、ライブ配信のチャットで使えるスタンプなどの基本機能が特典となります!! 
https://www.youtube.com/channel/UCuTAXTexrhetbOe3zgskJBQ/join

◇日本テレビ報道局のSNS
X　https://twitter.com/news24ntv
TikTok　https://www.tiktok.com/@ntv.news
Facebook　https://www.facebook.com/ntvnews24
Instagram　https://www.instagram.com/ntv_news24/?hl=ja
Podcast　https://open.spotify.com/show/0qPKGdVKMgSRuc8fCgJyqm

◇【最新ニュース配信中】日テレNEWS  
https://news.ntv.co.jp/

#日テレ​​　#ニュース​​　#選挙　#参政党　#神谷宗幣代表","['news', 'ニュース', '日テレNEWS', '日テレ', '最新情報', 'NEWS', '事件', '事故', '地震', '政治', '社会', '国際', '首相', '大統領', 'news_ntv', 'latest news', 'live', 'ライブ', 'まとめ', 'UCuTAXTexrhetbOe3zgskJBQ', '日本テレビ', '日本', 'Japan', 'Tokyo', 'NTV', '報道', '@ntv_news']",https://i.ytimg.com/vi/slyuXcGMTc8/hqdefault.jpg,25,9733,252,1,PT1M1S,false,日テレNEWS,参議院選挙;参院;参院選;宗;神谷,5
pWwJqZ5OC7Y,2025-07-17T10:01:25Z,UCuTAXTexrhetbOe3zgskJBQ,日テレNEWS,【参院選】栃木・情勢 自民と立憲が激戦！５連勝中の自民は議席守れるか？ #shorts,"参議院選挙・栃木選挙区の候補者と情勢について解説します。
栃木県は、定数１の議席をめぐり、６人が争う情勢です。
自民党が５連勝中と、長く議席を守ってきた一人区ですが、今回はその議席を守り抜けるのか注目されています。

■zero選挙 参議院選挙 2025
特設サイトはこちら👉 https://www.ntv.co.jp/election2025/

#自👉　#自民　#公明　#公明党　#立憲　#立憲民主党　#国民　#国民民主党　#参政　#参政党 
#維新　#日本維新の会　#共産　#日本共産党　#れいわ　#れいわ新選組　#保守　#日本保守党
#社民党　#社会民主党　#みらい　#チームみらい　#再生　#再生の道

◇メンバーシップ「日テレNEWSクラブ」始まりました
月額290円で所属歴に応じ色が変化しステータスアップしていくバッジ特典や、ライブ配信のチャットで使えるスタンプなどの基本機能が特典となります!! 
https://www.youtube.com/channel/UCuTAXTexrhetbOe3zgskJBQ/join

◇日本テレビ報道局のSNS
X　https://twitter.com/news24ntv
TikTok　https://www.tiktok.com/@ntv.news
Facebook　https://www.facebook.com/ntvnews24
Instagram　https://www.instagram.com/ntv_news24/?hl=ja
Podcast　https://open.spotify.com/show/0qPKGdVKMgSRuc8fCgJyqm

◇【最新ニュース配信中】日テレNEWS  
https://news.ntv.co.jp/

#日テレ​​　#ニュース​​","['news', 'ニュース', '日テレNEWS', '日テレ', '最新情報', 'NEWS', '事件', '事故', '地震', '政治', '社会', '国際', '首相', '大統領', 'news_ntv', 'latest news', 'live', 'ライブ', 'まとめ', 'UCuTAXTexrhetbOe3zgskJBQ', '日本テレビ', '日本', 'Japan', 'Tokyo', 'NTV', '報道', '@ntv_news']",https://i.ytimg.com/vi/pWwJqZ5OC7Y/hqdefault.jpg,25,1445,20,4,PT1M23S,false,日テレNEWS,候補者;参議院選挙;参院;参院選;自民,5
_Wt6Mnn4VSw,2025-07-17T11:15:07Z,UCuTAXTexrhetbOe3zgskJBQ,日テレNEWS,選挙に行く意味ある？元参院議員の渡邉美樹氏に聞いてきた【参院選2025】,"岸谷蘭丸さんが、元参議院議員でワタミの会長兼社長の渡邉美樹氏を訪ねて話を聞きました。議員経験者だからこそ語れる参議院の役割、政治家の選び方とは？

◇出演
ワタミ株式会社　渡邉美樹会長兼社長
実業家・インフルエンサー　岸谷蘭丸
日本テレビ政治部　竹内真デスク

◇https://youtube.com/playlist?list=PLagjDvQ583UQ77nMhhxlkEk4W2tvKY_kt&si=ApevCc4-Fj6b0ZAl
実業家・インフルエンサーの岸谷蘭丸と一緒に選挙の「それって本当？」を考えるシリーズ。 日本テレビ報道局では、今年の東京都議会議員選挙と参議院選挙を迎えるにあたって、これまでにない規模での事前選挙報道キャンペーン「投票前に考える それって本当？」を展開します。 
 
選挙関連の偽・誤情報は「日テレ情報提供サイト」へお寄せください。 
 
★日テレ情報提供サイト https://www.ntv.co.jp/provideinformation/houdou.html

◇メンバーシップ「日テレNEWSクラブ」始まりました
月額290円で所属歴に応じ色が変化しステータスアップしていくバッジ特典や、ライブ配信のチャットで使えるスタンプなどの基本機能が特典となります!! 
https://www.youtube.com/channel/UCuTAXTexrhetbOe3zgskJBQ/join

◇日本テレビ報道局のSNS
X　https://twitter.com/news24ntv
TikTok　https://www.tiktok.com/@ntv.news
Facebook　https://www.facebook.com/ntvnews24
Instagram　https://www.instagram.com/ntv_news24/?hl=ja
Podcast　https://open.spotify.com/show/0qPKGdVKMgSRuc8fCgJyqm

◇【最新ニュース配信中】日テレNEWS  
https://news.ntv.co.jp/

#日テレ​​　#ニュース​​","['news', 'ニュース', '日テレNEWS', '日テレ', '最新情報', 'NEWS', '事件', '事故', '地震', '政治', '社会', '国際', '首相', '大統領', 'news_ntv', 'latest news', 'live', 'ライブ', 'まとめ', 'UCuTAXTexrhetbOe3zgskJBQ', '日本テレビ', '日本', 'Japan', 'Tokyo', 'NTV', '報道', '@ntv_news']",https://i.ytimg.com/vi/_Wt6Mnn4VSw/hqdefault.jpg,25,1477,11,0,PT1M1S,false,日テレNEWS,参議院選挙;参院;参院選;投票;東京,5
1oKaL5JuW1o,2025-07-17T13:57:08Z,UCuTAXTexrhetbOe3zgskJBQ,日テレNEWS,【政党フカボリ】 参議院選挙に向けて各政党の現状や課題について ── 政治ニュースライブ （日テレNEWS LIVE）,"3日に公示された参議院選挙。日本テレビでは、投票前に考える「政党フカボリ」と題して、投票の参考になるよう各政党の現状や課題についてシリーズでお伝えしています。

【ラインアップ】
・自民党「岩盤支持層」に異変……閉塞感打ち破れるか「現役世代の声を形に」
・公明党　組織力に“かげり”「若い世代からの支持が少ない」...SNS強化　新たな対話の入り口に
・ 国民民主党　“守り”と“攻め”の戦略　支持率急落の中…「現役世代」固める
・立憲民主党　“農業票”切り崩し戦略で「一泡ふかせる」　政権交代への道筋は･･･裏には不安も
・日本維新の会　「我々今『土俵際』ですよ」脱大阪・全国政党を目指すも…その苦悩とは
・共産党「若い層に届いていない」支持者高齢化…“老舗政党”の課題は？　れいわ新選組 相次ぐ“新興政党”で埋没の危機…流れ取り戻せるか？
・参政党“台風の目”支持率急増のワケは？　“保守”打ち出す日本保守党　差別化は？　社民党“生き残りをかける”老舗政党の今

◇メンバーシップ「日テレNEWSクラブ」始まりました
月額290円で所属歴に応じ色が変化しステータスアップしていくバッジ特典や、ライブ配信のチャットで使えるスタンプなどの基本機能が特典となります!! 
https://www.youtube.com/channel/UCuTAXTexrhetbOe3zgskJBQ/join

◇日本テレビ報道局のSNS
X（旧Twitter）https://twitter.com/news24ntv
TikTok　https://www.tiktok.com/@ntv.news
Facebook　https://www.facebook.com/ntvnews24
Instagram　https://www.instagram.com/ntv_news24/?hl=ja
Podcast　https://open.spotify.com/show/0qPKGdVKMgSRuc8fCgJyqm

◇【最新ニュース配信中】日テレNEWS  
https://news.ntv.co.jp/

#参議院　#自由民主党　#立憲民主党　#日本維新の会　#教育無償化を実現する会　#国民民主党　#公明党　#れいわ新選組　#日本共産党　#参政党　#日本保守党　#社会民主党　#みんなでつくる党　#NHK党　#再生の道　#チームみらい　#日本誠真会　#日本改革党　#無所属連合 　#政治　#2025　#日テレ​​　#ニュース​​","['news', 'ニュース', '日テレNEWS', '日テレ', '最新情報', 'NEWS', '事件', '事故', '地震', '政治', '社会', '国際', '首相', '大統領', 'news_ntv', 'latest news', 'live', 'ライブ', 'まとめ', 'UCuTAXTexrhetbOe3zgskJBQ', '日本テレビ', '日本', 'Japan', 'Tokyo', 'NTV', '報道', '@ntv_news']",https://i.ytimg.com/vi/1oKaL5JuW1o/hqdefault_live.jpg,25,302,6,0,P0D,false,日テレNEWS,参議院選挙;大阪;投票;自民,4
g3bkX_XoQW0,2025-07-17T09:30:32Z,UCuTAXTexrhetbOe3zgskJBQ,日テレNEWS,【参院選】茨城・情勢 立憲と参政が激しく争う！現職の自民は安定か？ #shorts,"参議院選挙・茨城選挙区の候補者と情勢について解説します。
茨城県は、定数２の議席をめぐり、８人が争う情勢です。
これまで自民党と旧民主党系の野党で１議席ずつ分け合ってきた茨城選挙区ですが、今回は、野党の「指定席」をめぐって、立憲の現職と参政党の新人が激しく競い合う構図です。

■zero選挙 参議院選挙 2025
特設サイトはこちら👉 https://www.ntv.co.jp/election2025/

#自👉　#自民　#公明　#公明党　#立憲　#立憲民主党　#国民　#国民民主党　#参政　#参政党 
#維新　#日本維新の会　#共産　#日本共産党　#れいわ　#れいわ新選組　#保守　#日本保守党
#社民党　#社会民主党　#みらい　#チームみらい　#再生　#再生の道

◇メンバーシップ「日テレNEWSクラブ」始まりました
月額290円で所属歴に応じ色が変化しステータスアップしていくバッジ特典や、ライブ配信のチャットで使えるスタンプなどの基本機能が特典となります!! 
https://www.youtube.com/channel/UCuTAXTexrhetbOe3zgskJBQ/join

◇日本テレビ報道局のSNS
X　https://twitter.com/news24ntv
TikTok　https://www.tiktok.com/@ntv.news
Facebook　https://www.facebook.com/ntvnews24
Instagram　https://www.instagram.com/ntv_news24/?hl=ja
Podcast　https://open.spotify.com/show/0qPKGdVKMgSRuc8fCgJyqm

◇【最新ニュース配信中】日テレNEWS  
https://news.ntv.co.jp/

#日テレ​​　#ニュース​​","['news', 'ニュース', '日テレNEWS', '日テレ', '最新情報', 'NEWS', '事件', '事故', '地震', '政治', '社会', '国際', '首相', '大統領', 'news_ntv', 'latest news', 'live', 'ライブ', 'まとめ', 'UCuTAXTexrhetbOe3zgskJBQ', '日本テレビ', '日本', 'Japan', 'Tokyo', 'NTV', '報道', '@ntv_news']",https://i.ytimg.com/vi/g3bkX_XoQW0/hqdefault.jpg,25,14454,22,3,PT1M31S,false,日テレNEWS,候補者;参議院選挙;参院;参院選;自民,5
tsyrA4vrm8U,2025-07-17T11:15:06Z,UCuTAXTexrhetbOe3zgskJBQ,日テレNEWS,国を変える力を持つのは誰？元参院議員の渡邉美樹氏に聞いてきた【参院選2025】,"岸谷蘭丸さんが、元参議院議員でワタミの会長兼社長の渡邉美樹氏を訪ねて話を聞きました。議員経験者だからこそ語れる参議院の役割、政治家の選び方とは？

◇出演
ワタミ株式会社　渡邉美樹会長兼社長
実業家・インフルエンサー　岸谷蘭丸
日本テレビ政治部　竹内真デスク

◇https://youtube.com/playlist?list=PLagjDvQ583UQ77nMhhxlkEk4W2tvKY_kt&si=ApevCc4-Fj6b0ZAl
実業家・インフルエンサーの岸谷蘭丸と一緒に選挙の「それって本当？」を考えるシリーズ。 日本テレビ報道局では、今年の東京都議会議員選挙と参議院選挙を迎えるにあたって、これまでにない規模での事前選挙報道キャンペーン「投票前に考える それって本当？」を展開します。 
 
選挙関連の偽・誤情報は「日テレ情報提供サイト」へお寄せください。 
 
★日テレ情報提供サイト https://www.ntv.co.jp/provideinformation/houdou.html

◇メンバーシップ「日テレNEWSクラブ」始まりました
月額290円で所属歴に応じ色が変化しステータスアップしていくバッジ特典や、ライブ配信のチャットで使えるスタンプなどの基本機能が特典となります!! 
https://www.youtube.com/channel/UCuTAXTexrhetbOe3zgskJBQ/join

◇日本テレビ報道局のSNS
X　https://twitter.com/news24ntv
TikTok　https://www.tiktok.com/@ntv.news
Facebook　https://www.facebook.com/ntvnews24
Instagram　https://www.instagram.com/ntv_news24/?hl=ja
Podcast　https://open.spotify.com/show/0qPKGdVKMgSRuc8fCgJyqm

◇【最新ニュース配信中】日テレNEWS  
https://news.ntv.co.jp/

#日テレ​​　#ニュース​​","['news', 'ニュース', '日テレNEWS', '日テレ', '最新情報', 'NEWS', '事件', '事故', '地震', '政治', '社会', '国際', '首相', '大統領', 'news_ntv', 'latest news', 'live', 'ライブ', 'まとめ', 'UCuTAXTexrhetbOe3zgskJBQ', '日本テレビ', '日本', 'Japan', 'Tokyo', 'NTV', '報道', '@ntv_news']",https://i.ytimg.com/vi/tsyrA4vrm8U/hqdefault.jpg,25,1454,22,0,PT56S,false,日テレNEWS,参議院選挙;参院;参院選;投票;東京,5
FiD0mPNfyq0,2025-07-17T09:00:18Z,UCuTAXTexrhetbOe3zgskJBQ,日テレNEWS,「新たな財源を政府の努力で」藤井貴彦が党首にきく！公明党 斉藤鉄夫代表【参院選2025】#参議院選挙 #newszero #日テレnews,"フルバージョンはこちら
https://www.youtube.com/watch?v=1lodIRcfjmg&list=PLagjDvQ583UQHkJ3fsFkTIw5OCkWhlmNZ&index=3

◇メンバーシップ「日テレNEWSクラブ」始まりました
月額290円で所属歴に応じ色が変化しステータスアップしていくバッジ特典や、ライブ配信のチャットで使えるスタンプなどの基本機能が特典となります!! 
https://www.youtube.com/channel/UCuTAXTexrhetbOe3zgskJBQ/join

◇日本テレビ報道局のSNS
X　https://twitter.com/news24ntv
TikTok　https://www.tiktok.com/@ntv.news
Facebook　https://www.facebook.com/ntvnews24
Instagram　https://www.instagram.com/ntv_news24/?hl=ja
Podcast　https://open.spotify.com/show/0qPKGdVKMgSRuc8fCgJyqm

◇【最新ニュース配信中】日テレNEWS  
https://news.ntv.co.jp/

#日テレ​​　#ニュース​​　#選挙　#公明党　#斉藤鉄夫代表","['news', 'ニュース', '日テレNEWS', '日テレ', '最新情報', 'NEWS', '事件', '事故', '地震', '政治', '社会', '国際', '首相', '大統領', 'news_ntv', 'latest news', 'live', 'ライブ', 'まとめ', 'UCuTAXTexrhetbOe3zgskJBQ', '日本テレビ', '日本', 'Japan', 'Tokyo', 'NTV', '報道', '@ntv_news']",https://i.ytimg.com/vi/FiD0mPNfyq0/hqdefault.jpg,25,1531,9,0,PT1M,false,日テレNEWS,参議院選挙;参院;参院選,3
gt_m3CdPx00,2025-07-17T11:01:21Z,UCuTAXTexrhetbOe3zgskJBQ,日テレNEWS,岸谷蘭丸が聞く「ガソリン代に補助金」ってどう思う？【参院選2025】#shorts,"2分でわかる！あなたの考え方診断＞
https://www.ntv.co.jp/election2025/research/diagnosis/

◇出演
実業家・インフルエンサー　岸谷蘭丸
日本テレビ政治部　竹内真デスク

◇https://youtube.com/playlist?list=PLagjDvQ583UQ77nMhhxlkEk4W2tvKY_kt&si=ApevCc4-Fj6b0ZAl
実業家・インフルエンサーの岸谷蘭丸と一緒に選挙の「それって本当？」を考えるシリーズ。 日本テレビ報道局では、今年の東京都議会議員選挙と参議院選挙を迎えるにあたって、これまでにない規模での事前選挙報道キャンペーン「投票前に考える それって本当？」を展開します。 
 
選挙関連の偽・誤情報は「日テレ情報提供サイト」へお寄せください。 
 
★日テレ情報提供サイト https://www.ntv.co.jp/provideinformation/houdou.html

◇メンバーシップ「日テレNEWSクラブ」始まりました
月額290円で所属歴に応じ色が変化しステータスアップしていくバッジ特典や、ライブ配信のチャットで使えるスタンプなどの基本機能が特典となります!! 
https://www.youtube.com/channel/UCuTAXTexrhetbOe3zgskJBQ/join

◇日本テレビ報道局のSNS
X　https://twitter.com/news24ntv
TikTok　https://www.tiktok.com/@ntv.news
Facebook　https://www.facebook.com/ntvnews24
Instagram　https://www.instagram.com/ntv_news24/?hl=ja
Podcast　https://open.spotify.com/show/0qPKGdVKMgSRuc8fCgJyqm

◇【最新ニュース配信中】日テレNEWS  
https://news.ntv.co.jp/

#日テレ​​　#ニュース​​","['news', 'ニュース', '日テレNEWS', '日テレ', '最新情報', 'NEWS', '事件', '事故', '地震', '政治', '社会', '国際', '首相', '大統領', 'news_ntv', 'latest news', 'live', 'ライブ', 'まとめ', 'UCuTAXTexrhetbOe3zgskJBQ', '日本テレビ', '日本', 'Japan', 'Tokyo', 'NTV', '報道', '@ntv_news']",https://i.ytimg.com/vi/gt_m3CdPx00/hqdefault.jpg,25,1087,9,1,PT44S,false,日テレNEWS,参議院選挙;参院;参院選;投票;東京,5
GnIM1BbNX-0,2025-07-17T11:15:04Z,UCuTAXTexrhetbOe3zgskJBQ,日テレNEWS,世襲議員が生まれる理由　元参院議員の渡邉美樹氏に聞いてきた【参院選2025】,"岸谷蘭丸さんが、元参議院議員でワタミの会長兼社長の渡邉美樹氏を訪ねて話を聞きました。議員経験者だからこそ語れる参議院の役割、政治家の選び方とは？

◇出演
ワタミ株式会社　渡邉美樹会長兼社長
実業家・インフルエンサー　岸谷蘭丸
日本テレビ政治部　竹内真デスク

◇https://youtube.com/playlist?list=PLagjDvQ583UQ77nMhhxlkEk4W2tvKY_kt&si=ApevCc4-Fj6b0ZAl
実業家・インフルエンサーの岸谷蘭丸と一緒に選挙の「それって本当？」を考えるシリーズ。 日本テレビ報道局では、今年の東京都議会議員選挙と参議院選挙を迎えるにあたって、これまでにない規模での事前選挙報道キャンペーン「投票前に考える それって本当？」を展開します。 
 
選挙関連の偽・誤情報は「日テレ情報提供サイト」へお寄せください。 
 
★日テレ情報提供サイト https://www.ntv.co.jp/provideinformation/houdou.html

◇メンバーシップ「日テレNEWSクラブ」始まりました
月額290円で所属歴に応じ色が変化しステータスアップしていくバッジ特典や、ライブ配信のチャットで使えるスタンプなどの基本機能が特典となります!! 
https://www.youtube.com/channel/UCuTAXTexrhetbOe3zgskJBQ/join

◇日本テレビ報道局のSNS
X　https://twitter.com/news24ntv
TikTok　https://www.tiktok.com/@ntv.news
Facebook　https://www.facebook.com/ntvnews24
Instagram　https://www.instagram.com/ntv_news24/?hl=ja
Podcast　https://open.spotify.com/show/0qPKGdVKMgSRuc8fCgJyqm

◇【最新ニュース配信中】日テレNEWS  
https://news.ntv.co.jp/

#日テレ​​　#ニュース​​","['news', 'ニュース', '日テレNEWS', '日テレ', '最新情報', 'NEWS', '事件', '事故', '地震', '政治', '社会', '国際', '首相', '大統領', 'news_ntv', 'latest news', 'live', 'ライブ', 'まとめ', 'UCuTAXTexrhetbOe3zgskJBQ', '日本テレビ', '日本', 'Japan', 'Tokyo', 'NTV', '報道', '@ntv_news']",https://i.ytimg.com/vi/GnIM1BbNX-0/hqdefault.jpg,25,851,9,3,PT35S,false,日テレNEWS,参議院選挙;参院;参院選;投票;東京,5
qjqGBr5wnTE,2025-07-17T09:01:27Z,UCuTAXTexrhetbOe3zgskJBQ,日テレNEWS,「物価高からあなたを守り抜く」藤井貴彦が党首にきく！立憲民主党　野田佳彦代表【参院選2025】#参議院選挙 #newszero #日テレnews,"フルバージョンはこちら
https://www.youtube.com/watch?v=E7LJuD9j7qQ&list=PLagjDvQ583UQHkJ3fsFkTIw5OCkWhlmNZ&index=8

◇メンバーシップ「日テレNEWSクラブ」始まりました
月額290円で所属歴に応じ色が変化しステータスアップしていくバッジ特典や、ライブ配信のチャットで使えるスタンプなどの基本機能が特典となります!! 
https://www.youtube.com/channel/UCuTAXTexrhetbOe3zgskJBQ/join

◇日本テレビ報道局のSNS
X　https://twitter.com/news24ntv
TikTok　https://www.tiktok.com/@ntv.news
Facebook　https://www.facebook.com/ntvnews24
Instagram　https://www.instagram.com/ntv_news24/?hl=ja
Podcast　https://open.spotify.com/show/0qPKGdVKMgSRuc8fCgJyqm

◇【最新ニュース配信中】日テレNEWS  
https://news.ntv.co.jp/

#日テレ​​　#ニュース​​　#日テレ​​　#ニュース​​　#選挙 挙 　#立憲民主党 
#野田佳彦代表","['news', 'ニュース', '日テレNEWS', '日テレ', '最新情報', 'NEWS', '事件', '事故', '地震', '政治', '社会', '国際', '首相', '大統領', 'news_ntv', 'latest news', 'live', 'ライブ', 'まとめ', 'UCuTAXTexrhetbOe3zgskJBQ', '日本テレビ', '日本', 'Japan', 'Tokyo', 'NTV', '報道', '@ntv_news']",https://i.ytimg.com/vi/qjqGBr5wnTE/hqdefault.jpg,25,3194,7,0,PT56S,false,日テレNEWS,参議院選挙;参院;参院選,3
fePrWiDuQsY,2025-07-17T14:38:46Z,UCuTAXTexrhetbOe3zgskJBQ,日テレNEWS,【投票前に考える　それって本当？】いまこそ、「それって本当？」と問う選挙報道を──（日テレNEWS LIVE）,"日テレ選挙報道プロジェクト始動「投票前に考える　それって本当？」

いまこそ、「それって本当？」と問う選挙報道を──。

日本テレビ報道局では、今年の東京都議会議員選挙と参議院選挙を迎えるにあたって、「news zero」「news every.」「真相報道バンキシャ！」「Oha!４ NEWS　LIVE」「NNNストレイトニュース」を中心に、これまでにない規模での事前選挙報道キャンペーン「投票前に考える　それって本当？」を展開します。

SNSの影響力がますます高まる中で、情報が一気に拡散する一方、誤情報や極端な主張が選挙をかく乱するケースも増えています。視聴者の不安やモヤモヤに真正面から向き合い、「それって本当？」と立ち止まる姿勢で、有権者に“真に資する”報道を目指します。

日テレ報道局の総力を挙げて、徹底した現場取材とファクトチェックを実施。選挙の異変や政党のSNS戦略、誹謗中傷や切り抜き動画の実態など、「情報の空白」を埋めるべく、地上波とデジタルの両輪で大規模に伝えていきます。

「投票前に考える　それって本当？」

いま、選挙と情報をめぐる環境はかつてなく複雑化しています。だからこそ、報道局は選挙報道の本来の使命に立ち返り、真摯に、そして大胆に臨みます。

選挙にまつわる候補者の発言や動画などで、偽の情報や誤った情報と思われるものがあれば、「日テレ情報提供サイト」に情報をお寄せください。いただいた情報のうち、特に選挙に影響を与えそうなものについて、日本テレビ報道局が検証します

https://www.ntv.co.jp/provideinformation/houdou.html


◇メンバーシップ「日テレNEWSクラブ」始まりました
月額290円で所属歴に応じ色が変化しステータスアップしていくバッジ特典や、ライブ配信のチャットで使えるスタンプなどの基本機能が特典となります!! 
https://www.youtube.com/channel/UCuTAXTexrhetbOe3zgskJBQ/join

◇日本テレビ報道局のSNS
X（旧Twitter）　https://twitter.com/news24ntv
TikTok　https://www.tiktok.com/@ntv.news
Facebook　https://www.facebook.com/ntvnews24
Instagram　https://www.instagram.com/ntv_news24/?hl=ja

◇【最新ニュース配信中】日テレNEWS  
https://news.ntv.co.jp/

#日テレ​​　#ニュース​　#live　#まとめ　#ntv　#live　#日テレnewsnnn　#事件　#事故","['news', 'ニュース', '日テレNEWS', '日テレ', '最新情報', 'NEWS', '事件', '事故', '地震', '政治', '社会', '国際', '首相', '大統領', 'news_ntv', 'latest news', 'live', 'ライブ', 'まとめ', 'UCuTAXTexrhetbOe3zgskJBQ', '日本テレビ', '日本', 'Japan', 'Tokyo', 'NTV', '報道', '@ntv_news']",https://i.ytimg.com/vi/fePrWiDuQsY/hqdefault_live.jpg,25,108,3,0,P0D,false,日テレNEWS,候補者;参議院選挙;投票;東京,4
ncNT1xtL3bA,2025-07-17T14:42:42Z,UCuTAXTexrhetbOe3zgskJBQ,日テレNEWS,【これでわかる】コメ高騰・安全保障・外国人受け入れ…13の政党・政治団体の公約を徹底比較　2025参院選,"7月20日に投開票日を迎える参議院選挙。各党・政治団体が打ち出している公約を物価高対策や年金、安全保障などいくつかの争点ごとに比較します。
 
自民党
公明党
立憲民主党
日本維新の会
国民民主党
れいわ新選組
日本共産党
参政党
日本保守党
社会民主党
NHK党
再生の道
チームみらい
 
◇メンバーシップ「日テレNEWSクラブ」始まりました
月額290円で所属歴に応じ色が変化しステータスアップしていくバッジ特典や、ライブ配信のチャットで使えるスタンプなどの基本機能が特典となります!! 
https://www.youtube.com/channel/UCuTAXTexrhetbOe3zgskJBQ/join

◇日本テレビ報道局のSNS
X（旧Twitter）　https://twitter.com/news24ntv
TikTok　https://www.tiktok.com/@ntv.news
Facebook　https://www.facebook.com/ntvnews24
Instagram　https://www.instagram.com/ntv_news24/?hl=ja

◇【最新ニュース配信中】日テレNEWS  
https://news.ntv.co.jp/

＃物価高対策　＃減税　＃給付　＃コメ高騰　＃賃上げ　＃年金　＃医療　＃介護　＃子育て　＃教育　＃安全保障　＃政治とカネ　＃多様性目標　#参議院選挙 #2025参院選 #投票行動　#日テレ　#ニュース  #政治","['news', 'ニュース', '日テレNEWS', '日テレ', '最新情報', 'NEWS', '事件', '事故', '地震', '政治', '社会', '国際', '首相', '大統領', 'news_ntv', 'latest news', 'live', 'ライブ', 'まとめ', 'UCuTAXTexrhetbOe3zgskJBQ', '日本テレビ', '日本', 'Japan', 'Tokyo', 'NTV', '報道', '@ntv_news']",https://i.ytimg.com/vi/ncNT1xtL3bA/hqdefault_live.jpg,25,125,2,0,P0D,false,日テレNEWS,参議院選挙;参院;参院選;投票;自民,5
-Y07OqOqAt4,2025-07-17T11:00:01Z,UCuTAXTexrhetbOe3zgskJBQ,日テレNEWS,岸谷蘭丸が聞く「選挙に行きますか？」【参院選2025】. #shorts,"2分でわかる！あなたの考え方診断＞
https://www.ntv.co.jp/election2025/research/diagnosis/

◇出演
実業家・インフルエンサー　岸谷蘭丸
日本テレビ政治部　竹内真デスク

◇https://youtube.com/playlist?list=PLagjDvQ583UQ77nMhhxlkEk4W2tvKY_kt&si=ApevCc4-Fj6b0ZAl
実業家・インフルエンサーの岸谷蘭丸と一緒に選挙の「それって本当？」を考えるシリーズ。 日本テレビ報道局では、今年の東京都議会議員選挙と参議院選挙を迎えるにあたって、これまでにない規模での事前選挙報道キャンペーン「投票前に考える それって本当？」を展開します。 
 
選挙関連の偽・誤情報は「日テレ情報提供サイト」へお寄せください。 
 
★日テレ情報提供サイト https://www.ntv.co.jp/provideinformation/houdou.html

◇メンバーシップ「日テレNEWSクラブ」始まりました
月額290円で所属歴に応じ色が変化しステータスアップしていくバッジ特典や、ライブ配信のチャットで使えるスタンプなどの基本機能が特典となります!! 
https://www.youtube.com/channel/UCuTAXTexrhetbOe3zgskJBQ/join

◇日本テレビ報道局のSNS
X　https://twitter.com/news24ntv
TikTok　https://www.tiktok.com/@ntv.news
Facebook　https://www.facebook.com/ntvnews24
Instagram　https://www.instagram.com/ntv_news24/?hl=ja
Podcast　https://open.spotify.com/show/0qPKGdVKMgSRuc8fCgJyqm

◇【最新ニュース配信中】日テレNEWS  
https://news.ntv.co.jp/

#日テレ​​　#ニュース​​","['news', 'ニュース', '日テレNEWS', '日テレ', '最新情報', 'NEWS', '事件', '事故', '地震', '政治', '社会', '国際', '首相', '大統領', 'news_ntv', 'latest news', 'live', 'ライブ', 'まとめ', 'UCuTAXTexrhetbOe3zgskJBQ', '日本テレビ', '日本', 'Japan', 'Tokyo', 'NTV', '報道', '@ntv_news']",https://i.ytimg.com/vi/-Y07OqOqAt4/hqdefault.jpg,25,511,10,1,PT1M10S,false,日テレNEWS,参議院選挙;参院;参院選;投票;東京,5
VszHLp3WUgY,2025-07-17T09:00:56Z,UCuTAXTexrhetbOe3zgskJBQ,日テレNEWS,【参院選】群馬・情勢 保守王国で自民連勝なるか？追いかける参政 #shorts,"参議院選挙・群馬選挙区の候補者と情勢について解説します。
群馬県は、定数１の議席をめぐり、７人が争う情勢です。

■zero選挙 参議院選挙 2025
特設サイトはこちら👉 https://www.ntv.co.jp/election2025/

#自👉　#自民　#公明　#公明党　#立憲　#立憲民主党　#国民　#国民民主党　#参政　#参政党 
#維新　#日本維新の会　#共産　#日本共産党　#れいわ　#れいわ新選組　#保守　#日本保守党
#社民党　#社会民主党　#みらい　#チームみらい　#再生　#再生の道

◇メンバーシップ「日テレNEWSクラブ」始まりました
月額290円で所属歴に応じ色が変化しステータスアップしていくバッジ特典や、ライブ配信のチャットで使えるスタンプなどの基本機能が特典となります!! 
https://www.youtube.com/channel/UCuTAXTexrhetbOe3zgskJBQ/join

◇日本テレビ報道局のSNS
X　https://twitter.com/news24ntv
TikTok　https://www.tiktok.com/@ntv.news
Facebook　https://www.facebook.com/ntvnews24
Instagram　https://www.instagram.com/ntv_news24/?hl=ja
Podcast　https://open.spotify.com/show/0qPKGdVKMgSRuc8fCgJyqm

◇【最新ニュース配信中】日テレNEWS  
https://news.ntv.co.jp/

#日テレ​​　#ニュース​​","['news', 'ニュース', '日テレNEWS', '日テレ', '最新情報', 'NEWS', '事件', '事故', '地震', '政治', '社会', '国際', '首相', '大統領', 'news_ntv', 'latest news', 'live', 'ライブ', 'まとめ', 'UCuTAXTexrhetbOe3zgskJBQ', '日本テレビ', '日本', 'Japan', 'Tokyo', 'NTV', '報道', '@ntv_news']",https://i.ytimg.com/vi/VszHLp3WUgY/hqdefault.jpg,25,5270,26,4,PT1M8S,false,日テレNEWS,候補者;参議院選挙;参院;参院選;自民,5
KacAvrfuD1U,2025-07-17T09:00:21Z,UCuTAXTexrhetbOe3zgskJBQ,日テレNEWS,「賃上げそのものに直接助成する」藤井貴彦が党首にきく！日本共産党 田村智子委員長【参院選2025】#参議院選挙 #newszero #日テレnews,"フルバージョンはこちら
https://www.youtube.com/watch?v=Xjrr0UJUano&list=PLagjDvQ583UQHkJ3fsFkTIw5OCkWhlmNZ&index=6

◇メンバーシップ「日テレNEWSクラブ」始まりました
月額290円で所属歴に応じ色が変化しステータスアップしていくバッジ特典や、ライブ配信のチャットで使えるスタンプなどの基本機能が特典となります!! 
https://www.youtube.com/channel/UCuTAXTexrhetbOe3zgskJBQ/join

◇日本テレビ報道局のSNS
X　https://twitter.com/news24ntv
TikTok　https://www.tiktok.com/@ntv.news
Facebook　https://www.facebook.com/ntvnews24
Instagram　https://www.instagram.com/ntv_news24/?hl=ja
Podcast　https://open.spotify.com/show/0qPKGdVKMgSRuc8fCgJyqm

◇【最新ニュース配信中】日テレNEWS  
https://news.ntv.co.jp/

#日テレ​​　#ニュース​​　#参議院 　#選挙　#共産党　#田村智子委員長","['news', 'ニュース', '日テレNEWS', '日テレ', '最新情報', 'NEWS', '事件', '事故', '地震', '政治', '社会', '国際', '首相', '大統領', 'news_ntv', 'latest news', 'live', 'ライブ', 'まとめ', 'UCuTAXTexrhetbOe3zgskJBQ', '日本テレビ', '日本', 'Japan', 'Tokyo', 'NTV', '報道', '@ntv_news']",https://i.ytimg.com/vi/KacAvrfuD1U/hqdefault.jpg,25,1516,18,2,PT59S,false,日テレNEWS,参議院選挙;参院;参院選,3
dmNiWcaLrY4,2025-07-17T11:15:04Z,UCuTAXTexrhetbOe3zgskJBQ,日テレNEWS,なぜ政治はおかしくなる？元参院議員の渡邉美樹氏に聞いてきた【参院選2025】,"岸谷蘭丸さんが、元参議院議員でワタミの会長兼社長の渡邉美樹氏を訪ねて話を聞きました。議員経験者だからこそ語れる参議院の役割、政治家の選び方とは？

◇出演
ワタミ株式会社　渡邉美樹会長兼社長
実業家・インフルエンサー　岸谷蘭丸
日本テレビ政治部　竹内真デスク

◇https://youtube.com/playlist?list=PLagjDvQ583UQ77nMhhxlkEk4W2tvKY_kt&si=ApevCc4-Fj6b0ZAl
実業家・インフルエンサーの岸谷蘭丸と一緒に選挙の「それって本当？」を考えるシリーズ。 日本テレビ報道局では、今年の東京都議会議員選挙と参議院選挙を迎えるにあたって、これまでにない規模での事前選挙報道キャンペーン「投票前に考える それって本当？」を展開します。 
 
選挙関連の偽・誤情報は「日テレ情報提供サイト」へお寄せください。 
 
★日テレ情報提供サイト https://www.ntv.co.jp/provideinformation/houdou.html

◇メンバーシップ「日テレNEWSクラブ」始まりました
月額290円で所属歴に応じ色が変化しステータスアップしていくバッジ特典や、ライブ配信のチャットで使えるスタンプなどの基本機能が特典となります!! 
https://www.youtube.com/channel/UCuTAXTexrhetbOe3zgskJBQ/join

◇日本テレビ報道局のSNS
X　https://twitter.com/news24ntv
TikTok　https://www.tiktok.com/@ntv.news
Facebook　https://www.facebook.com/ntvnews24
Instagram　https://www.instagram.com/ntv_news24/?hl=ja
Podcast　https://open.spotify.com/show/0qPKGdVKMgSRuc8fCgJyqm

◇【最新ニュース配信中】日テレNEWS  
https://news.ntv.co.jp/

#日テレ​​　#ニュース​​","['news', 'ニュース', '日テレNEWS', '日テレ', '最新情報', 'NEWS', '事件', '事故', '地震', '政治', '社会', '国際', '首相', '大統領', 'news_ntv', 'latest news', 'live', 'ライブ', 'まとめ', 'UCuTAXTexrhetbOe3zgskJBQ', '日本テレビ', '日本', 'Japan', 'Tokyo', 'NTV', '報道', '@ntv_news']",https://i.ytimg.com/vi/dmNiWcaLrY4/hqdefault.jpg,25,802,6,1,PT1M55S,false,日テレNEWS,参議院選挙;参院;参院選;投票;東京,5
-2X-tKW6gP0,2025-07-17T11:43:43Z,UCuTAXTexrhetbOe3zgskJBQ,日テレNEWS,【朝ニュースライブ】最新ニュースと生活情報（7月18日） ──THE LATEST NEWS SUMMARY（日テレNEWS LIVE）,"・メンバーシップ「日テレNEWSクラブ」始まりました
月額290円で所属歴に応じ色が変化しステータスアップしていくバッジ特典や、ライブ配信のチャットで使えるスタンプなどの基本機能が特典となります!! 
https://www.youtube.com/channel/UCuTAXTexrhetbOe3zgskJBQ/join

【ラインアップ】
・高知・徳島で線状降水帯のおそれ　災害の危険度高まる…警戒を
・関税交渉どうなる？　“キーマン”ベッセント財務長官来日、18日に石破首相と会談へ　打撃受ける業者は…
・生中継中に空爆…記者逃げ惑う　イスラエル軍、シリア国防省の建物を攻撃
・「もっとカネあんだろ」熱湯かけるなど…逮捕監禁致傷の疑い　建設会社社長ら7人を逮捕
・田んぼを悠々と歩くクマ…取材班が遭遇　2日連続の出没　宮城・富谷市
・「お父さん、お母さんと泣き叫んでる」と通報　自宅に子ども3人置き去りで外出したか…両親逮捕　札幌市
・台湾市民ら、防空避難訓練に参加　中国からの攻撃を想定
・新駐日米大使、天皇陛下に信任状を手渡す　皇居で信任状捧呈式
・台風の発生予想、1週間前に前倒し発表へ　2030年めどに
・“刃物男”想定　羽田空港でテロ対処訓練
・東京・立川市の小学校で教諭らに暴行　男2人、初公判で起訴内容認める
・「社長に会わせろよ」債権回収目的で強要か　神奈川県警の現職警察官ら4人逮捕
・覚醒剤8.2億円相当を密輸か　女を逮捕　福井県
・空き家に侵入、スピーカーなど70万円相当盗んだか　ベトナム人の男4人逮捕

ほか


◇日本テレビ報道局のSNS
X（旧Twitter）　https://twitter.com/news24ntv
TikTok　https://www.tiktok.com/@ntv.news
Facebook　https://www.facebook.com/ntvnews24
Instagram　https://www.instagram.com/ntv_news24/?hl=ja

◇【最新ニュース配信中】日テレNEWS  
https://news.ntv.co.jp/

#日テレ​​　#ニュース​　#live　#まとめ　#ntv　#live　#日テレnewsnnn　#事件　#事故　#参議院選挙　#アメリカ　#トランプ大統領　#インドネシア　#兵庫県　#松本智津夫元死刑囚　#イタリア　#ミラノコルティナ冬季オリンピックパラリンピック","['news', 'ニュース', '日テレNEWS', '日テレ', '最新情報', 'NEWS', '事件', '事故', '地震', '政治', '社会', '国際', '首相', '大統領', 'news_ntv', 'latest news', 'live', 'ライブ', 'まとめ', 'UCuTAXTexrhetbOe3zgskJBQ', '日本テレビ', '日本', 'Japan', 'Tokyo', 'NTV', '報道', '@ntv_news']",https://i.ytimg.com/vi/-2X-tKW6gP0/hqdefault_live.jpg,25,0,1,0,P0D,false,日テレNEWS,兵庫;参議院選挙;東京;石破,4
o0-6i5XpBFo,2025-07-16T16:23:57Z,UC6AG81pAkf6Lbi_1VC5NmPA,TBS NEWS DIG Powered by JNN,“諸派”「チームみらい」1議席獲得の可能性 “AIで政策作り”安野貴博氏「分断を煽らない」「相手を貶めない」【news23】【選挙の日、そのまえに】｜TBS NEWS DIG,"今月20日に投開票が行われる参議院選挙。今回は政党要件を満たしていない諸派に注目します。JNNが先週末に行った情勢調査によると、AIエンジニアの安野貴博氏が率いる「チームみらい」が、1議席を獲得する可能性が出てきています。

■“諸派”が訴える政策に注目

2024年の東京都知事選で注目を集めた、「チームみらい」の安野貴博党首。

チームみらい 安野貴博 党首（7月16日）
「我々は分断を煽ることなく、相手を貶めるのではなく、正々堂々、これからも私たちが良いと思う政策、これを訴えていきたい」

党首を務める「チームみらい」では、子どもの数に応じて、夫婦それぞれの所得税を軽減する「子育て減税」などの政策を訴えています。

0歳児の母親
「自分の将来を考えたときに暗い気持ちになることが多いんですけど、少しでも子どもが明るい気持ちで将来を考えられるような日本にしてほしい」

JNNの中盤情勢調査では、比例での議席獲得の可能性がある「チームみらい」。特徴は、AI＝人工知能を活用した政策作りです。

チームみらい 安野貴博 党首
「我々のマニフェスト。『課題こういったものがあるぞ』ということを書かせていただいているが、チャットから意見を言うこともできる」

こうしたテクノロジーで、有権者から寄せられた意見を直接マニフェストに反映させるとして、支持の拡大を目指しています。

一方、立花孝志氏が党首を務める「NHK党」。

NHK党 立花孝志 党首（7月3日）
「NHKが皆さんのために報道しないんでしょ。大事なのは県民・国民の知る権利なんです」

公約でNHKのスクランブル放送の実現を掲げていますが、議席を獲得できるか微妙な情勢です。

また、2024年の都知事選で「石丸旋風」を巻き起こした石丸伸二氏が代表を務める「再生の道」は、「教育を最優先」と訴えています。

再生の道 石丸伸二 代表（7月16日）
「人を育てるための人。すなわち、保育所・幼稚園・小中高校の先生方、ここの力を高めていくところから始めよう」

ただ、議席獲得の見通しは立っておらず、今後の追い上げが課題となります。

比例では、下記の党が議席を争って選挙戦を繰り広げています。

【参議院　比例】
自由民主党
公明党
立憲民主党
日本維新の会
日本共産党
国民民主党
れいわ新選組
参政党
社会民主党
日本保守党
無所属連合
チームみらい
日本誠真会
日本改革党
再生の道
NHK党

ただ今回の調査では、約4割の人が「まだ投票先を決めていない」と答えていて、今後、情勢が大きく変わる可能性があります。

▼TBS NEWS DIG 公式サイト　https://newsdig.tbs.co.jp/

▼チャンネル登録をお願いします！
http://www.youtube.com/channel/UC6AG81pAkf6Lbi_1VC5NmPA?sub_confirmation=1

▼情報提供はこちらから「TBSインサイダーズ」
https://www.tbs.co.jp/news_sp/tbs-insiders.html

▼映像提供はこちらから「TBSスクープ投稿」
https://www.tbs.co.jp/news_sp/toukou.html

#ニュース #news #TBS #newsdig","['ニュース', 'NEWS', 'TBS', 'NEWSDIG', 'TBSNEWSDIG', '報道', '最新ニュース']",https://i.ytimg.com/vi/o0-6i5XpBFo/hqdefault.jpg,25,54730,1180,499,PT2M55S,false,TBS NEWS DIG Powered by JNN,伸二;参議院選挙;孝志;投票;東京;石丸;立花,7
SMt-SdZU22M,2025-07-17T11:31:57Z,UC6AG81pAkf6Lbi_1VC5NmPA,TBS NEWS DIG Powered by JNN,「現金給付か消費減税か」財政悪化で日本国債の“信用”が課題に「金利急騰の恐怖感は底なし沼」【選挙の日、そのまえに】｜TBS NEWS DIG,"参院選で争点となっている物価高対策としての「給付と減税」。どの党の政策でも巨額の財政出動が懸念されるなか、金融市場では危機感が広がっています。

自民党　石破茂 総裁
「赤字国債を出して財政を悪くすることをせず、本当に困っている人、急ぐ人に手厚い手当を」

参政党　神谷宗幣 代表
「一番やりたいのは消費税の段階的廃止。5年間で200兆円の国債発行で済むので」

自・公が1人あたり2万円の給付などを公約にする一方、野党各党は消費税の減税や廃止を主張しています。

ただ、いずれの政策でも課題は「財源」。実現には少なくとも3兆円半ばから最大で30兆円と巨額の資金が必要で、「国債」つまり国の借金を財源にあげる政党も。

これに、金融市場では危機感が広がっています。

岡三証券 営業担当
「参院選に向けて結果が出てくるまで、超長期国債は楽観視しづらいので…」

都内の証券会社では、10年を超える「超長期国債」は4月以降不人気だといいます。

岡三証券 トレーダー　栗原正樹氏
「少数与党になった場合に、消費減税とかも現実味を帯びてくる。そうなった場合には、当然、財政が悪化する方向の話ですし」

国債は不人気になると価格が落ち、逆に金利が上昇する仕組み。30年もの国債の金利は過去最高の水準まで急騰しているのです。

さらに、きょう、長期金利の指標といわれる10年国債の利回りが2008年以来およそ17年ぶりの水準まで上昇。私たちが借りる住宅ローンなどの金利も今後、上がる可能性があります。

岡三証券 市場営業第一部長　伊藤顕司氏
「金利が上がり始めると、経験したことがないのですごくみんな怖いんだと思う。恐怖感というのは、もう底なし沼みたいなもの」

実は、3年前、イギリスでトラス首相が年間9兆円規模の大規模減税を発表しました。

イギリス　トラス首相（当時）
「減税という大胆な計画を実現し、経済を成長させます」

ところが、財源の裏付けがなかったことから金融市場の信頼を一気に失い、金利が急騰。国債・ポンド・株価の“トリプル安”、いわゆる“トラスショック”で辞任を余儀なくされたのです。

バラマキ色が濃い政策で日本も同じ危機に陥る可能性はあるのか。専門家は「1回限りの財政出動なら大きなショックにならないのではないか」としたうえで、次のように指摘します。

大和証券チーフエコノミスト　末廣徹氏
「短期的には、もう黄色信号という状況。（消費税を）恒久的に下げるという話になってくると、日本国債の格下げという話も相まって、かなり大きなショックになる可能性はある」

各党が打ち出す「物価高対策」は本当に実現できるのか？財源の面も丁寧に判断する必要がありそうです。

▼TBS NEWS DIG 公式サイト　https://newsdig.tbs.co.jp/

▼チャンネル登録をお願いします！
http://www.youtube.com/channel/UC6AG81pAkf6Lbi_1VC5NmPA?sub_confirmation=1

▼情報提供はこちらから「TBSインサイダーズ」
https://www.tbs.co.jp/news_sp/tbs-insiders.html

▼映像提供はこちらから「TBSスクープ投稿」
https://www.tbs.co.jp/news_sp/toukou.html

#ニュース #news #TBS #newsdig","['ニュース', 'NEWS', 'TBS', 'NEWSDIG', 'TBSNEWSDIG', '報道', '最新ニュース']",https://i.ytimg.com/vi/SMt-SdZU22M/hqdefault.jpg,25,6197,67,166,PT3M31S,false,TBS NEWS DIG Powered by JNN,参院;参院選;宗;石破;神谷;自民;茂,7
f2aySBTXulY,2025-07-17T05:56:47Z,UC6AG81pAkf6Lbi_1VC5NmPA,TBS NEWS DIG Powered by JNN,【鹿児島選挙区】「保守王国」にかつてない“異変”…森山幹事長のおひざ元で保守分裂　参議院選挙2025【選挙の日、そのまえに】｜TBS NEWS DIG,"JNNの参院選・中盤情勢調査で、自公が参議院の過半数を割り込む可能性が出ています。自民が議席を守ってきた鹿児島では、改選数1に4人が立候補。「保守王国」に、かつてない異変が起きています。

尾辻朋実 候補（44）無・新
「父の『虫の目』になるという言葉を私の胸に抱き、鹿児島中を走り抜けた。今の日本はどうか。今こそ、政治を変えなければならない」

無所属・新人の尾辻朋実さん。父親は36年間、自民党の参議院議員を務めてきた尾辻秀久前参議院議長です。後継を目指したものの、自民党の公認候補は叶いませんでした。

尾辻朋実 候補（44）無・新
「私は本当に悲しく思う。自民党こそ地域経済を、地方を生きる私たちを見てくれていた政党だったはずなのに」

その尾辻さんに支援を持ちかけたのが、もともとは敵対する立憲民主党です。

立憲民主党　野田佳彦 代表
「鹿児島から、九州から、自民党を倒すドミノ倒しを起こして全国に広げていきたい」

一方、自民党の公認を得たのは、元職の園田修光さん。秀久さんとは自民党県連で長年、活動してきた仲でした。自民党現職の娘と争う異例の展開に…。

園田修光 候補（68）自民・元
「けさ、森山幹事長から電話をもらった。絶対に勝たないといかんぞ。総力をあげて俺もやるからという話だった」

「尾辻秀久の娘」をアピールし、保守票の切り崩しを狙う尾辻さん。自民党にとって鹿児島は森山裕幹事長の“おひざ元”で、70年近く議席を守ってきただけに、党幹部も相次ぎ応援に入ります。

自民党　石破茂 総裁
「国会議員にも大勢の仲間がいる。官僚にも、財界にも。園田候補の力を生かさないでどうする」

自民党　森山裕 幹事長
「どこの政党が日本の政権与党として役割を果たしていけるのか。そのことが大変大事。何としても園田候補に力を貸してください」

保守分裂の戦いに存在感を見せているのが、“台風の目”といわれる参政党。立候補したのは、新人で救急医の牧野俊一さんです。

牧野俊一 候補（39）参政・新
「組織の力を借りず、企業の力を借りず、一人一人が立ち上がってつくった参政党。国の政治の流れを変える可能性がある」

政治団体「NHK党」からは、新人の山本貴平さんが立候補しました。

山本貴平 候補（50）諸・新
「移民流入、悪質な外国人に対して強く、政府に対しても、行政に対しても働きかけていく」

「保守王国」鹿児島の異変。1議席をめぐる激しい戦いが続いています。

▼TBS NEWS DIG 公式サイト　https://newsdig.tbs.co.jp/

▼チャンネル登録をお願いします！
http://www.youtube.com/channel/UC6AG81pAkf6Lbi_1VC5NmPA?sub_confirmation=1

▼情報提供はこちらから「TBSインサイダーズ」
https://www.tbs.co.jp/news_sp/tbs-insiders.html

▼映像提供はこちらから「TBSスクープ投稿」
https://www.tbs.co.jp/news_sp/toukou.html

#ニュース #news #TBS #newsdig","['ニュース', 'NEWS', 'TBS', 'NEWSDIG', 'TBSNEWSDIG', '報道', '最新ニュース']",https://i.ytimg.com/vi/f2aySBTXulY/hqdefault.jpg,25,5301,39,72,PT3M32S,false,TBS NEWS DIG Powered by JNN,参議院選挙;参院;参院選;山本;改選;石破;自民;茂,8
CgjaE5j6r08,2025-07-17T09:41:11Z,UC6AG81pAkf6Lbi_1VC5NmPA,TBS NEWS DIG Powered by JNN,“諸派”「チームみらい」1議席獲得の可能性、訴える政策に注目 諸派6党 党首・代表のSNS登録者数【Nスタ解説】｜TBS NEWS DIG,"今月20日投開票の参議院選挙。今回の選挙で政党要件を満たしていない、いわゆる諸派が1議席を獲得する可能性が出てきています。

■“諸派”1議席獲得の可能性 約4割「まだ投票先を決めていない」

2024年の東京都知事選で注目を集めた、安野貴博氏。

チームみらい 安野貴博 党首
「我々は分断を煽ることなく、相手を貶めるのではなく、正々堂々、これからも私たちが良いと思う政策、これを訴えていきたい」

「チームみらい」は、子どもの数に応じて、夫婦それぞれの所得税を軽減する「子育て減税」などの政策を訴えています。

0歳児の母親
「自分の将来を考えたときに、暗い気持ちになることが多いんですけど、少しでも子どもが明るい気持ちで将来を考えられるような日本にしてほしい」

JNNの中盤情勢調査では、比例での議席獲得の可能性があるチームみらい。特徴は、AI(人工知能)を活用した政策作りです。

チームみらい 安野貴博 党首
「こちらの我々のマニフェスト。『課題こういったものがあるぞ』ということを書かせていただいているが、こちらのチャットから意見を言うこともできる」

こうしたテクノロジーで、有権者から寄せられた意見を直接マニフェストに反映させるとして、支持の拡大を目指しています。

一方、立花孝志氏が党首を務める「NHK党」。

NHK党 立花孝志 党首
「NHKが皆さんのために報道しないんでしょ。大事なのは県民・国民の知る権利なんです」

公約で、NHKのスクランブル放送の実現を掲げていますが、議席を獲得できるか微妙な情勢です。

また、去年の都知事選で、石丸旋風を巻き起こした石丸伸二氏。

代表を務める「再生の道」は、「教育を最優先」と訴えています。

再生の道 石丸伸二 代表
「人を育てるための人。すなわち保育所・幼稚園・小中高校の先生方、ここの力を高めていくところから始めよう」

ただ、議席獲得の見通しは立っておらず、今後の追い上げが課題となります。

比例では、自由民主党、公明党、立憲民主党、日本維新の会、日本共産党、国民民主党、れいわ新選組、参政党、社会民主党、日本保守党、無所属連合、チームみらい、日本誠真会、日本改革党、再生の道、NHK党が議席を争って選挙戦を繰り広げています。

ただ今回の調査では、約4割の人が「まだ投票先を決めていない」と答えていて、今後、情勢が大きく変わる可能性があります。

■今回は6党「諸派」とは

高柳光希キャスター:
「諸派」とはどういったものなのか、見ていきます。

ポイントは二つあります。

▼「国政政党」の要件を満たしていないこと。

国政政党とは、国会議員が5人以上、または直近の「衆院選」か「参院選」での得票率が2%以上を達成していることです。これを満たしていないことが一つです。もう一つは…

▼参院選において、候補者10人以上を擁立していること。

この二つを満たしていると「諸派」というものになります。

今回の参院選で「諸派」は6党あります。

【参院選 諸派6党】

・無所属連合
代表:内海聡(医師・哲学者)

・チームみらい
党首:安野貴博(AIエンジニア)

・日本誠真会
代表:吉野敏明(歯科医師・元参政党共同代表)

・日本改革党
代表:沓沢亮治(獣医師・元豊島区議)

・再生の道
代表:石丸伸二(前安芸高田市長)

・NHK党
党首:立花孝志(元参議院議員)

その中でも、チームみらいが、今回のJNN情勢調査で1議席を獲得する可能性が高まっているということです。

TBSスペシャルコメンテーター星浩さん:
自民党は今年が結党70年で、言ってみれば老舗ですよね。諸派は、どちらかというとベンチャー企業みたいなものです。

特に参議院の比例選挙は、全国で選べるので、2%ほどで1人当選できる可能性があって、そこにチャレンジしたというのは非常にいい狙いだと思います。

非常に多くのメニューからどう選ぶかというのは、有権者の眼力が試されると思います。

出水麻衣キャスター:
全国に意見を届けるという意味では、今の時代と非常に合致していて、戦略次第というところもありそうですね。

TBSスペシャルコメンテーター星浩さん:
ただ、全体的な政策をどういうふうに練り上げていくかという点ですが、チームみらいの人たちは相互的に交流して、政策を練り上げるみたいなことは新しいチャレンジだと思います。

■「かなりの影響力」諸派のSNS戦略は

高柳キャスター:
諸派について、公約などをお伝えする場所も設けられていないのが現実です。

どのように情報をキャッチアップすればいいのか、一つの尺度として考えられるのは、SNSの活用です。

【諸派 党首・代表のSNS】※7月17日午後3時時点

・無所属連合 内海代表(Xフォロワー25.5万・YouTube登録者数14.5万)

・チームみらい 安野党首(Xフォロワー18万・YouTube登録者数10.8万)

・日本誠真会 吉野代表(Xフォロワー18.7万・YouTube登録者数50.7万)

・日本改革党 くつざわ代表(…（https://newsdig.tbs.co.jp/list/article?id=jnn-20250717-6249105）


▼TBS NEWS DIG 公式サイト　https://newsdig.tbs.co.jp/

▼チャンネル登録をお願いします！
http://www.youtube.com/channel/UC6AG81pAkf6Lbi_1VC5NmPA?sub_confirmation=1

▼情報提供はこちらから「TBSインサイダーズ」
https://www.tbs.co.jp/news_sp/tbs-insiders.html

▼映像提供はこちらから「TBSスクープ投稿」
https://www.tbs.co.jp/news_sp/toukou.html

#ニュース #news #TBS #newsdig","['ニュース', 'NEWS', 'TBS', 'NEWSDIG', 'TBSNEWSDIG', '報道', '最新ニュース']",https://i.ytimg.com/vi/CgjaE5j6r08/hqdefault.jpg,25,35981,596,228,PT5M59S,false,TBS NEWS DIG Powered by JNN,伸二;候補者;参議院選挙;参院;参院選;孝志;投票;東京;石丸;立花;自民,11
HwaJEab-sVQ,2025-07-17T09:45:56Z,UC6AG81pAkf6Lbi_1VC5NmPA,TBS NEWS DIG Powered by JNN,都心の高級物件に海外富裕層の問い合わせ増　参議院選挙 与野党が「規制」と「共生」軸に“外国人政策”に関する公約掲げる異例の展開【選挙の日、そのまえに】｜TBS NEWS DIG,"参議院選挙の選挙戦を通じて関心が高まっている“外国人政策”。「規制」と「共生」を軸に与野党各党の議論が高まりを見せるなか、排外主義につながりかねないとの懸念も広がっています。

都心の一等地にそびえるマンション。東京・千代田区、皇居や日本武道館ものぞめる、こちらの部屋の価格は18億8000万円。

リストインターナショナルリアルティ　加藤彩乃さん
「外国人のお客様にとっても、日本を象徴する素晴らしい景色は非常に人気があります」

購入を検討している人のなかには、外国人も多いということです。

一方、不動産価格高騰の背景に投機目的で購入する外国人の存在も指摘されていて、住宅の購入が難しくなっていることへの不満も、外国人政策への関心の高まりにつながっているとみられます。

JNNの世論調査でも、外国人の不動産取得などを78％の人が規制すべきと回答。

「規制」と「共生」を軸にして、濃淡こそあるものの、与野党各党が“外国人政策”に関する公約を掲げて選挙戦に臨む、異例の展開となっています。

専門家は、この背景に日本人の抱える“経済的な不安”があると指摘します。

みずほリサーチ＆テクノロジーズ チーフ日本経済エコノミスト　酒井才介氏
「外国人から見れば、低金利で円安なので（日本の）不動産も買いやすい。（日本人は）物価高、円安で生活が圧迫されていて、それが政治に対する不満、あるいは外国人に対する不満という形で拡散されている」

論戦が熱を帯びるなか、政府にも動きが。

石破総理
「外国人をめぐる現下の情勢に十分に対応できていない制度・施策の見直しは、政府として取り組むべき重要な課題です」

政府内に外国人政策に関する「司令塔」を新設し、外国人による土地の取得についても取り組む姿勢をアピールしました。

“規制”の議論が脚光を浴びる一方、外国人の活力をいかす“共生”を訴える政党もあります。

立憲民主党　野田佳彦 代表
「製造の現場も、介護の現場も、建設の現場も、外国人の手を借りなければ、日本社会は成り立たない。排除の論理じゃなくて、しっかり受け入れて、共に生きていく社会を目指すべきじゃないか」

行き過ぎた“外国人政策”が排外主義につながるのではとの懸念も指摘されるなか、専門家は。

みずほリサーチ＆テクノロジーズ チーフ日本経済エコノミスト　酒井才介氏
「漠然とした日本人の不満を解消するためには、物価を上回る賃上げを実現して、個人消費を中心に日本経済の力を強めていくことが大事だと思います」

“規制”と“共生”の狭間で、政治には強いフレーズだけではなく、総合的な政策を打ち出すことが求められています。

▼TBS NEWS DIG 公式サイト　https://newsdig.tbs.co.jp/

▼チャンネル登録をお願いします！
http://www.youtube.com/channel/UC6AG81pAkf6Lbi_1VC5NmPA?sub_confirmation=1

▼情報提供はこちらから「TBSインサイダーズ」
https://www.tbs.co.jp/news_sp/tbs-insiders.html

▼映像提供はこちらから「TBSスクープ投稿」
https://www.tbs.co.jp/news_sp/toukou.html

#ニュース #news #TBS #newsdig","['ニュース', 'NEWS', 'TBS', 'NEWSDIG', 'TBSNEWSDIG', '報道', '最新ニュース']",https://i.ytimg.com/vi/HwaJEab-sVQ/hqdefault.jpg,25,5526,30,139,PT3M1S,false,TBS NEWS DIG Powered by JNN,参議院選挙;東京;石破,3
uE8zU9QpaQc,2025-07-17T13:51:15Z,UC6AG81pAkf6Lbi_1VC5NmPA,TBS NEWS DIG Powered by JNN,「長期金利」が歴史的高さに、参院選で「給付」「減税」大合唱…“バラマキ”に金融市場が危機感【Nスタ解説】｜TBS NEWS DIG,"参院選の投開票日まであと4日です。各党が物価高対策で訴えている『給付と減税』。どの政策でも巨額の財政出動になるなか、実はいま、金融市場で異例の動きが広がっています。

■各党の物価高対策　金融市場に“黄色信号”

井上貴博キャスター：
各党の物価高対策に、金融市場では早くも黄色信号が出ているようです。

取材した中でわかった8党の物価高対策の財源です。

【各党の物価高対策】
自民：3兆円台半ば
公明：3兆円台半ば
立憲：年5兆円＋2.5兆円
維新：年5兆円
共産：年15兆円
国民：年15兆円
れいわ：年30兆円＋12兆円程度
参政：年30兆円

個人的には、選挙のたびにお金を配るのはどうなんだろうと疑問に思いますが、では、そのお金をどこから捻出するのかといった話になります。

TBS報道局経済部 財務省担当　出野陽佳 記者：
問題になるのは「財源」です。財源が不足してしまうと、国債発行（借金）が増えてしまうのではないかという懸念があります。

各党によってかかる財源にやや開きはありますが、政党によってそれをどうやって調達するかという考え方も様々です。

例えば、与党のように国債（借金）には頼らず、税収が増えた分などを上手に活用して賄うといった考え方の政党や、国債発行（借金）をしてでも「給付」や「減税」といった政策が必要といった考え方の政党もあります。

「国債発行（借金）が増えるのではないか」という心配は、今の選挙の情勢に実は大きく絡んでいて、与党にとっては非常に厳しい選挙の情勢になっています。

いくら与党が「国債に頼らない」と言っていたとしても、与党の力だけでは法案が通らないといった世界になるかもしれないという懸念があるわけです。

井上キャスター：
数の原理で、与党だけでは通らなくなるということですね。

出野記者：
2024年末もそういった場面があったかと思いますが、そうなると、野党の掲げている「減税政策」や「給付」を一定程度飲み込まないといけない政治情勢になる恐れがあります。

市場としてはそこを心配していて、「なんだかんだ借金が増えてしまうのでは？」という心配が今あるということなんです。

■「日本の信用が下がると、さらなる物価高になるおそれも」

井上キャスター：
「赤字国債を発行しない」と与党が主張していても、選挙の結果次第では野党と組まなければいけなくなるため、野党案を飲まざるを得ないとなると、「やはり国債発行になるのでは？」といった話になるわけですね。

今年度予算を見てみると…

▼今年度予算（歳入）：115.5兆円
税金など：75.2％
国債：24.8％（約29兆円）

大和証券チーフエコノミストの末廣徹さんは、日本の信用が下がると、「さらなる物価高になるおそれもある」と警鐘を鳴らしています。

さらに金融市場では今、日本の国債が売られて価値が下がっているといいます。なぜ下がっているのでしょうか。

金融市場は今、各党の「給付金」や「消費税減税」などで財政が悪化して、「国債の価値が下がるのではないか」「下がる前に売るべきなのではないか」と疑心暗鬼になっていて、国債が売られている状況だという事です。

出野記者：
借金をしようとすると国債がたくさん出てくるため、国債の価値は下がってしまうかもしれない。そうなってしまうと、「持ってても欲しくないし、新しいものも欲しくない」といった動きがあるため、価値や人気が下がってしまっているという状況が今あるわけです。

井上キャスター：
実際に証券会社ではどんな状況ですか？

出野記者：
国債をやり取りするディーリングルームに行きましたが、岡三証券の市場営業第一部長・伊藤顕司さんは「日本の格付け（信頼の度合い）がどんどん下がるようになってしまった時は、もう手遅れだ」と話していました。

今すぐ財政破綻するというレベルではないにしても、黄色信号が出ている状況で、下がっていく状態に拍車がかかると、元に戻れないといった危機感があります。

日本の信用度合いが下がるということは、日本にある企業の信用も海外から見ると下がってしまうおそれがあるわけです。

例えば、「新しく何かサービスを打ち出したい」とか、「新しい機械を買って、何か新製品作りたい」と思った際に、お金が非常に借りにくくなります。

私達の身近なところでいえば、今賃上げを頑張っていますが、その原資がなくなってしまったり減ってしまうといった恐れも出てくるかもしれません。

井上キャスター：
国の信用＝お金の信用、そして企業の信用にも繋がっていくということですね。

大和証券チーフエコノミストの末廣さんは、「日本への不信感から円が売られ、円安を原因とする物価高になるおそれもある」と話しています。

「赤字国債はいくら刷ってもいいんだ」という考え方の人もいるかと思いますが、東尾さんはどういったことを感じていますか？

タレント・プロゴルファー　東尾理子さん：
今本当に物価が上がっている中で、私には子どもが3人いるので、子ども手当が入ってくると「ありがたいな」という気持ちにはなりますが、冷静…（https://newsdig.tbs.co.jp/list/article?id=jnn-20250716-6248861）


▼TBS NEWS DIG 公式サイト　https://newsdig.tbs.co.jp/

▼チャンネル登録をお願いします！
http://www.youtube.com/channel/UC6AG81pAkf6Lbi_1VC5NmPA?sub_confirmation=1

▼情報提供はこちらから「TBSインサイダーズ」
https://www.tbs.co.jp/news_sp/tbs-insiders.html

▼映像提供はこちらから「TBSスクープ投稿」
https://www.tbs.co.jp/news_sp/toukou.html

#ニュース #news #TBS #newsdig","['ニュース', 'NEWS', 'TBS', 'NEWSDIG', 'TBSNEWSDIG', '報道', '最新ニュース']",https://i.ytimg.com/vi/uE8zU9QpaQc/hqdefault.jpg,25,3513,68,148,PT10M,false,TBS NEWS DIG Powered by JNN,参院;参院選;自民,3
wb_oUHXonPM,2025-07-17T11:59:52Z,UC6AG81pAkf6Lbi_1VC5NmPA,TBS NEWS DIG Powered by JNN,規制？共生？ 高まる“外国人政策”への関心 背景に日本人の“経済的な不安”か、外国人による犯罪件数 どう捉える【Nスタ解説】｜TBS NEWS DIG,"参議院選挙の選挙戦を通じて関心が高まっている“外国人政策”。「規制」と「共生」を軸に与野党各党の議論が高まりを見せるなか、排外主義につながりかねないとの懸念も広がっています。

■背景に日本人の“経済的な不安”か

東京・千代田区、皇居や日本武道館ものぞめる部屋の価格は、18億8000万円だといいます。

リストインターナショナルリアルティ 加藤彩乃さん
「外国人のお客様にとっても、日本を象徴する素晴らしい景色は非常に人気があります」

購入を検討している人のなかには、外国人も多いということです。

一方、不動産価格高騰の背景に、投機目的で購入する外国人の存在も指摘されていて、住宅の購入が難しくなっていることへの不満も、外国人政策への関心の高まりにつながっているとみられます。

JNNの世論調査でも、外国人の不動産取得などを78％の人が規制すべきと回答。

【外国人の入国管理、国内投資、不動産取得などへの規制強化について】
・強く思う 43％
・どちらかといえば思う 35％
・どちらかといえば思わない 14％
・全く思わない 5％　など
※JNN世論調査 7月5日・6日実施 有効回答:1010

「規制」と「共生」を軸にして、濃淡こそあるものの、与野党各党が“外国人政策”に関する公約を掲げて選挙戦に臨む、異例の展開となっています。

【各党が掲げる外国人政策】
自民:「違法外国人」ゼロへ
公明:“外免切替”“社保未納”の対策
立憲:多文化共生社会の形成
維新:受け入れ総量規制など
共産:日本人労働者と同等の権利保障
国民:土地取得規制「空室税」導入
れいわ:排他的な「移民政策」に反対
参政:生活保護の支給や参政権認めず
社民:移民・難民を排除しない
保守:入国管理の厳格化

専門家は、この背景に日本人の抱える“経済的な不安”があると指摘します。

みずほリサーチ&テクノロジーズ チーフ日本経済エコノミスト 酒井才介氏
「外国人から見れば、低金利で円安なので(日本の)不動産も買いやすい。(日本人は)物価高、円安で生活が圧迫されていて、それが政治に対する不満、あるいは外国人に対する不満という形で拡散されている」

■“規制”か“共生”か 政府は「司令塔」組織を新設

論戦が熱を帯びるなか、政府にも動きがありました。

石破総理
「外国人をめぐる現下の情勢に十分に対応できていない制度・施策の見直しは、政府として取り組むべき重要な課題です」

政府内に外国人政策に関する「司令塔」組織を新設し、外国人による土地の取得についても取り組む姿勢をアピールしました。

“規制”の議論が脚光を浴びる一方、外国人の活力をいかす“共生”を訴える政党もあります。

立憲民主党 野田佳彦 代表
「製造の現場も、介護の現場も、建設の現場も、外国人の手を借りなければ、日本社会は成り立たない。排除の論理じゃなくて、しっかり受け入れて、共に生きていく社会を目指すべきじゃないか」

行き過ぎた“外国人政策”が排外主義につながるのではとの懸念も指摘されるなか…

みずほリサーチ&テクノロジーズ チーフ日本経済エコノミスト 酒井才介氏
「漠然とした日本人の不満を解消するためには、物価を上回る賃上げを実現して、個人消費を中心に日本経済の力を強めていくことが大事だと思います」

“規制”と“共生”の狭間で、政治には強いフレーズだけではなく、総合的な政策を打ち出すことが求められています。

■外国人による犯罪件数 どう捉える?

井上貴博キャスター:
いま、注目されている参院選の争点のひとつが「外国人政策」です。

SNSでは、「日本のスーパー、コンビニでも外国人の万引きが増えている」「明らかに外国人の犯罪が増えてきているんだから、日本から追い出すべき」などのコメントもあります。

実際に、外国人によるドラッグストアでの大量万引きは、2024年に愛知でもありました。

警察庁は2025年2月、外国語で「万引きは犯罪です」というポスターを貼ったり、店内アナウンスをしたりする指針を発表しました。

出入国在留管理庁と警察庁の資料などによると、在留外国人は増えていますが、外国人の刑法犯検挙人員は下がっていって、近年では上昇傾向にあります。

このあたりのデータを有権者がどう考えるのかということなのかもしれません。

出水麻衣キャスター:
「個別の事例」と「客観的なデータ」の両方を吟味した上で、どう考えるのかというのを一旦冷静に判断してほしいと思います。

井上キャスター:
どうしても外国人のルールという話をすると、「これは排外主義、ふざけるな、差別だ」となるのも違うと思いますし、かといって外国人を締め出すことはあってはいけないと思います。差別だと思います。

極論と極論で争うのではなくて、冷静に建設的な議論をしながら、日本をどういう国にしていくべきなのかが一番大切なのかなと感じています。

▼TBS NEWS DIG 公式サイト　https://newsdig.tbs.co.jp/

▼チャンネル登録をお願いします！
http://www.youtube.com/channel/UC6AG81pAkf6Lbi_1VC5NmPA?sub_confirmation=1

▼情報提供はこちらから「TBSインサイダーズ」
https://www.tbs.co.jp/news_sp/tbs-insiders.html

▼映像提供はこちらから「TBSスクープ投稿」
https://www.tbs.co.jp/news_sp/toukou.html

#ニュース #news #TBS #newsdig","['ニュース', 'NEWS', 'TBS', 'NEWSDIG', 'TBSNEWSDIG', '報道', '最新ニュース']",https://i.ytimg.com/vi/wb_oUHXonPM/hqdefault.jpg,25,2792,40,136,PT4M47S,false,TBS NEWS DIG Powered by JNN,参議院選挙;参院;参院選;東京;石破;自民,6
7DwAnHopX34,2025-07-17T02:23:07Z,UCGCZAYq5Xxojl_tSXcVJhiQ,ANNnewsCH,宮城県知事が反発「誤った情報」と抗議　参政党代表の「水道を外資に売却」発言に【知ってもっと】【グッド！モーニング】(2025年7月17日),"　宮城県知事が憤っています。県が進めた水道事業に対して、参政党の神谷宗幣代表が「外資に売り渡した」と演説したことについて、「誤った情報」だとして抗議文を提出したと発表しました。

■「本当に失礼な人」宮城県知事が憤り

「非常に憤っています。選挙中だから何を言ってもいい。しかも、宮城県の大切な命の水を海外の企業に売り渡すなんてことはあるわけがない。よくそういうことを堂々と人前で言えたものだなと。本当に私は失礼な人だなと思っているところです」

　宮城県の村井嘉浩知事が語気を強めて反発したのは、4日前（13日）に参政党の神谷代表が街頭演説で語ったこの発言です。

「国がやらないから、宮城県みたいに民営化しちゃうんですよ。おかしい、宮城県は。水道はめちゃくちゃ大事なわけですよ。なんでそれを外資に売るんですか、外資に任せるんですか。頭おかしいんですかって話ですよ」

　宮城県が水道事業を「外資に売った」などと批判。これに対し、宮城県は15日に「誤った情報を発信している」として、謝罪と訂正を求める抗議文を神谷代表側に提出しました。

■「間違っていたら謝罪する」参政党代表

「嘘を堂々とつくようなことを選挙の時にするべきではない。真実をしっかり勉強して、事実を知ったうえで発言をなさらなければならない」

　宮城県は2022年から施設の所有権を持ったまま、運営権を与える方式で浄水場などの運営と管理を民間企業に委ねています。

　事業を運営するのは10社の共同出資によって設立された特別目的会社「みずむすびマネジメントみやぎ」で、最大株主は国内企業「メタウォーター」。議決権株式を51％保有しています。外資系企業が保有する議決権株式は18％です。

　「外資に売った」と主張する神谷代表の発言に、村井知事はこう説明しました。

「管理を委託してる会社は、51％議決権をもっている会社は、純粋な日本の会社です。外資系の企業ではございません」

　施設の所有権は宮城県が持っていることや水道料金の改定は県議会の議決によって決定することなどから、水道事業の最終責任は県が負っていて、「完全な民営化とは異なる」と反論しています。

「宮城県は、水道事業を日本の企業であれ、海外の企業であれ、売り渡した事実は全くございません」

　宮城県は抗議文で、参院選の投票前日19日までの対応を参政党に求めています。宮城県の抗議文について、神谷代表はこう話しました。

「まだ見てないんですよ、来たのは聞きました。一回調べて、ちゃんと正式に回答したいと思います。私の記憶が間違っている場合もたまにあるので、そういった事実関係調べて、もし間違ってたら謝罪しますし」

（「グッド！モーニング」2025年7月17日放送分より）
[テレ朝NEWS] https://news.tv-asahi.co.jp","['ニュース', 'テレビ朝日', 'provided', 'ニュース企画', '本編のみ', 'GM7', '宮城']",https://i.ytimg.com/vi/7DwAnHopX34/hqdefault.jpg,25,324294,3677,4681,PT3M55S,false,ANNnewsCH,参院;参院選;宗;投票;神谷,5
b5PHZjGJc1M,2025-07-17T01:16:10Z,UCGCZAYq5Xxojl_tSXcVJhiQ,ANNnewsCH,【ライブ】7/17 朝ニュースまとめ 最新情報を厳選してお届け,"トカラ列島地震で避難　悪石島住民16人が帰島へ
中学校で男子生徒が生徒2人を切り付け　福島市
イスラエルがシリアを空爆 少数民族の保護を名目
「2週間前にタイヤ交換」　徳島自動車道2人死亡事故
悪石島へ16人が帰島へ 避難生活に疲れも　先ほど鹿児島を出港
日生社長が謝罪　情報無断持ち出し　三菱UFJ銀行に出向した社員
中国で実刑判決の邦人に大使が面会　上訴については「弁護士と相談」
ロシア人の不動産購入禁止法施行/フィンランド“安保上の脅威”ベラルーシ人も対象
芥川・直木賞ともに「該当作なし」　1998年1月以来27年ぶり6回目
観光庁「利用者も注意を」原因は“悪徳業者”？宿泊予約サイト『アゴダ』トラブル続出
早期釈放を日本が求めるも…中国で拘束の男性“スパイ行為”で実刑
「デタラメな情報」宮城県知事が参政党代表に抗議　「水道事業を外資に売った」発言
四国地方に線状降水帯予測情報　昼過ぎから夜遅くにかけて
アリューシャン列島でM7.3の地震　アラスカ南部に一時、津波警報
北米アリューシャン列島でM7.2の地震　日本への津波の恐れなし　気象庁
中国政府肝いりの「サプライチェーン博覧会」 関税対立の中、米企業も多数出展
海で捕まえた毒ガニ食べ…観光客が食中毒　沖縄
愛知・西尾市の祭りポスター“無断で参考”回収
「天国に一番近い島」ニューカレドニア　フランス内で「国家」に
「何でいかんとや」1人で2票投票「同じ名前書く」参院選の期日前投票でトラブル　福岡
1ドル＝149円台「悪い円安」16日の日経平均株価反落

■テレ朝NEWS24 日本のニュースを24時間配信
https://youtube.com/live/coYw-eVU0Ks

■テレ朝ニュース公式HP
https://news.tv-asahi.co.jp/

#ニュース #ライブ #ann",[],https://i.ytimg.com/vi/b5PHZjGJc1M/hqdefault.jpg,25,58332,166,1,PT32M48S,false,ANNnewsCH,参院;参院選;投票;期日前投票,4
bK6WUlm4Ezc,2025-07-17T00:37:21Z,UCGCZAYq5Xxojl_tSXcVJhiQ,ANNnewsCH,「何でいかんとや」1人で2票投票「同じ名前書く」参院選の期日前投票でトラブル　福岡【知っておきたい！】【グッド！モーニング】(2025年7月17日),"　トラブルは13日の日曜日、福岡県福津市の期日前投票所で起きました。

　投票に来た男性は、スタッフから受け取った自分の投票用紙を一緒に訪れた女性に渡しました。

　その女性が投票用紙2枚に記入しようとしたため、スタッフが注意すると、男性は「なんで同じ名前書くとにいかんとや」と言い激しく詰め寄り、その隙に女性が2票とも投票箱に入れてしまいました。

　公職選挙法では、開票の時にしか投票箱を開けられないことなどから、記載が有効であれば有効票として扱うしかないということです。

（「グッド！モーニング」2025年7月17日放送分より）
[テレ朝NEWS] https://news.tv-asahi.co.jp","['ニュース', 'テレビ朝日', 'provided', '本編のみ', 'GM6', '福岡', '参院選2025']",https://i.ytimg.com/vi/bK6WUlm4Ezc/hqdefault.jpg,25,63256,741,840,PT1M16S,false,ANNnewsCH,参院;参院選;投票;期日前投票,4
0HNRz2TgOhw,2025-07-17T03:23:15Z,UCGCZAYq5Xxojl_tSXcVJhiQ,ANNnewsCH,富山選挙区 屈指の保守王国　自民現職と野党新人が激戦(2025年7月17日),"　3日後に投開票を迎える参議院選挙。17日は全国屈指の保守王国・富山についてです。

　有権者に占める自民党員の割合が全国トップクラスの保守王国・富山で自民党の危機感が高まっています。

自民　現職　堂故茂氏
「何としても国益を守る。まさに政治の正念場です。そんな時にもかかわらず皆さんから聞かれるのは『自民党、何しとんがや』と『エラーばっかりでしっかりしろ』と」

　物価高対策を巡っては、有権者から「消費税を下げないなら応援できない」などの批判も寄せられ、さらに、富山選出の田畑衆院議員の裏金問題や不適切な党員登録問題の影響が懸念されています。

　選挙戦も終盤の16日、石破総理が応援に入り「物価上昇を上回る賃金上昇を地方から実現する」と強調し、支持を訴えました。

　自民党の牙城で、互角の激しい戦いをしているのが国民の新人です。

　玉木代表は「保守王国でなんとか勝利したいと思ってテコ入れに来た」と議席獲得に意欲をみせます。

国民　新人　庭田幸恵氏
「なぜ国の懐ばかり豊かになって私たちの暮らしが豊かにならないのか。今の政治が間違っているからです。今の政治が国民目線じゃないからです。保守王国と言われているこの富山県に住んでいる皆さんも、もう目覚めていると信じています」

　客室乗務員やアナウンサーのほか人材育成などを行う会社を設立した経験を武器に、現役世代をターゲットにした政策を前面に掲げています。

　立憲は今回擁立を見送り、労働組合の連合とともに国民の新人の支援に回っています。

　追う展開となっているのは参政と共産の新人です。

　今年4月の富山市議会議員選挙で初めて議席を獲得するなど勢いを増す参政党は、自民党の支持層からの得票も期待します。

参政　新人　田保智世氏
「どこかに縛られた、どこかにおもねった、日本人のことを見ていない明らかにおかしな政策。そんなものを潰すために私たちはいます」

　共産は野党候補の一本化には乗らず、独自候補で戦います。

共産　新人　坂本洋史氏
「物価高騰のもとで暮らしをいかに守るのかが問われる選挙でございます。私はそのために消費税を廃止を目指し緊急に5％にすることを訴えます」

　その他、富山選挙区にはご覧の方が立候補しています。
[テレ朝NEWS] https://news.tv-asahi.co.jp","['ニュース', 'テレビ朝日', 'provided', '参院選2025', '富山']",https://i.ytimg.com/vi/0HNRz2TgOhw/hqdefault.jpg,25,23265,170,239,PT3M31S,false,ANNnewsCH,参議院選挙;参院;参院選;玉木;石破;自民;茂,7
1LPnMivSy50,2025-07-17T06:39:05Z,UCGCZAYq5Xxojl_tSXcVJhiQ,ANNnewsCH,【ライブ】群馬・山本知事 定例会見「ぐんまちゃん」公式Xの投稿が物議「配慮が足りなかった」「政治的な意図はない」　参院選ついてコメントも【LIVE】(2025年7月17日) ANN/テレ朝,"14:00から山本一太・群馬県知事の定例会見をライブ配信します。

#ライブ #LIVE #中継
#日本 #japan 
#群馬県 #山本一太 #ぐんまちゃん 
#参院選 #参院選2025 
ーーーーーーーーーーーーーーーーーーーーー
■テレ朝NEWS24 日本の最新ニュースを24時間配信
https://www.youtube.com/live/coYw-eVU0Ks?si=03xLpjKnrpthFyYI

■テレ朝NEWS公式HP
https://news.tv-asahi.co.jp/

■テレ朝NEWS SNS公式アカウント
X(旧Twitter)　https://x.com/tv_asahi_news
TikTok　https://www.tiktok.com/@tv_asahi_news
Facebook　https://www.facebook.com/tvasahinews",[],https://i.ytimg.com/vi/1LPnMivSy50/hqdefault.jpg,25,3555,21,7,PT1H28M36S,false,ANNnewsCH,参院;参院選;山本,3
DU2kasGv-Ko,2025-07-17T00:28:13Z,UCGCZAYq5Xxojl_tSXcVJhiQ,ANNnewsCH,「天国に一番近い島」ニューカレドニア　フランス内で「国家」に【知っておきたい！】【グッド！モーニング】(2025年7月17日),"　「天国に一番近い島」とも呼ばれる南太平洋のフランス領ニューカレドニア。これまで3回にわたってフランスからの独立の是非を問う住民投票が実施されましたが、いずれも否決されています。

　去年には、独立派の先住民を中心に暴動が起きていました。

　フランスのマクロン大統領はニューカレドニアについて、フランス国内で一定の主権を持つ「国家」とすることで合意したと発表しました。

マクロン大統領のXから
「10日間にわたる協議を経て、歴史的な合意に達しました」

　憲法を改正し、住民がフランス国籍に加えてニューカレドニアの国籍を取得できるようにします。

　通貨や安全保障などの分野について、フランスから主権を移譲することも可能で、世界有数の生産量を誇るニッケルに関連する産業の振興策も盛り込まれたということです。

（「グッド！モーニング」2025年7月17日放送分より）
[テレ朝NEWS] https://news.tv-asahi.co.jp","['ニュース', 'テレビ朝日', 'provided', '本編のみ', 'GM6']",https://i.ytimg.com/vi/DU2kasGv-Ko/hqdefault.jpg,25,2545,37,8,PT1M46S,false,ANNnewsCH,投票,1
iFmG9CmzJkk,2025-07-16T21:43:45Z,UCGCZAYq5Xxojl_tSXcVJhiQ,ANNnewsCH,芥川・直木賞ともに「該当作なし」　1998年1月以来27年ぶり6回目(2025年7月16日),"　第173回の芥川賞と直木賞の選考会が行われましたが、いずれも該当作なしと発表されました。

　芥川賞と直木賞の選考会は16日午後、都内の会場で開かれ、芥川賞、直木賞ともに「該当作なし」と発表されました。

　いずれも該当作なしとなったのは1998年1月の第118回以来、27年ぶりで、今回で6回目となりました。

　芥川賞選考委員の川上弘美さんは候補となった4作のうち、「1回目の投票でグレゴリー・ケズナジャットさんの『トラジェクトリー』、日比野コレコさんの『たえまない光の足し算』がさらなる議論の対象となった」としたうえで、「4作品とも新しい試みはたくさんあったが、次の作品にも期待したい」と話しました。

　一方、直木賞はおよそ4時間に及ぶ選考会での議論のうえで該当作はなしという結論に至りました。

　直木賞選考委員の京極夏彦さんは「各作品が拮抗（きっこう）していたが、突出した作品がなく、どれか1つを選ぶわけにいかなかった」と選考の様子を振り返りました。

　また、「候補の段階で、多くの読者が感動していることは間違いない作品たちなので、ぜひ書店に足を運んでほしい」と話しました。

　芥川賞で該当作なしとなったのは第145回以来、直木賞では第136回以来です。

　今回の芥川賞の候補作は、グレゴリー・ケズナジャットさんの「トラジェクトリー」、駒田隼也さんの「鳥の夢の場合」、向坂くじらさんの「踊れ、愛より痛いほうへ」、日比野コレコさんの「たえまない光の足し算」の4作品です。

　直木賞の候補作は、逢坂冬馬さんの「ブレイクショットの軌跡」、青柳碧人さんの「乱歩と千畝　RAMPOとSEMPO」、芦沢央さんの「嘘と隣人」、塩田武士さんの「踊りつかれて」、夏木志朋さんの「Nの逸脱」、柚月裕子さんの「逃亡者は北へ向かう」の6作品でした。
[テレ朝NEWS] https://news.tv-asahi.co.jp","['ニュース', 'テレビ朝日', 'provided']",https://i.ytimg.com/vi/iFmG9CmzJkk/hqdefault.jpg,25,1776,22,12,PT1M33S,false,ANNnewsCH,投票,1
UDm1CSJMxBk,2025-07-16T22:16:49Z,UCGCZAYq5Xxojl_tSXcVJhiQ,ANNnewsCH,【ニュース】“期日前”投票に訪れ…建物に突っ込む　高齢者の車暴走 #shorts,"期日前投票に訪れた車が暴走。運転手は87歳で、そのまま建物に突っ込みました。

（施設の職員）
「ドカーンという音。ぶつかった音の方が大きかった。すごく大きかったですね」

　87歳の男性が車で突っ込んだのは、今週末に参院選を控え期日前投票所が設けられた市民センター。

　期日前投票に来た男性。車のボンネットが盛り上がるほど損傷し、衝撃の強さが見て取れます。

　一体、何があったのでしょうか。

　男性は駐車場に車を止めようとして運転を誤ったとみられます。

　軽いけがをしましたが、建物内の人にけがはありませんでした。",[],https://i.ytimg.com/vi/UDm1CSJMxBk/hqdefault.jpg,25,4578,28,12,PT1M14S,false,ANNnewsCH,参院;参院選;投票;期日前投票,4
FKEvFbX11gA,2025-07-17T02:00:16Z,UCoQBJMzcwmXrRSHBFAlTsIw,FNNプライムオンライン,【参院選】「選択的夫婦別姓」巡り導入の賛否で各党の立場分かれる…選挙後の課題　ジェンダー平等は多くの党が訴え,"参議院選挙で各党は何を訴えているのか。
16日は「選択的夫婦別姓」「ジェンダー政策」です。

選択的夫婦別姓を巡っては、導入に賛成・反対の立場と旧姓の通称使用を拡大する立場で各党の考えが分かれています。

選択的夫婦別姓に関しては、先の国会で28年ぶりに関連法案が提出されましたが採決には至らず、参院選後の課題です。

自民は今回の公約では盛り込まず、旧姓の通称使用の拡大について議論が続いています。

維新も旧姓使用に法的効力を与える立場です。

一方、与党でも公明党は野党の立憲、共産、国民、れいわ、社民とともに導入を訴えています。

一方で参政、保守両党は反対です。

またジェンダー平等男女共同参画について、自民党は「女性の経済的自立と働きやすい環境実現」を掲げています。

立憲民主党は「ジェンダー平等、多文化共生社会基本法の制定」を、公明党は「指導的地位に占める女性の割合の3割達成、近い将来5割を実現」としています。

維新は「企業の女性雇用率、女性役員比率、男性の育休取得率などに応じた減税」を訴えています。

共産党は「男女賃金格差の是正、ジェンダー平等」、国民民主党は「女性労働者の非正規率の改善」を訴えるほか、れいわ新選組は「労働・教育の男女格差をなくす」としています。

また、社民党は「ジェンダー平等、多文化共生社会の実現」をうたっています。

一方で、参政党は「出産を担う女性を尊重、『専業主婦』も女性の尊い選択肢」と掲げ、日本保守党は「男女共同参画事業に関する支出の抜本的見直し」を訴えています。

FNNプライムオンライン
https://www.fnn.jp/","['ニュース', 'NEWS', 'FNN', 'FNNプライムオンライン', 'フジテレビ', 'フジテレビジョン', 'FujiTelevision']",https://i.ytimg.com/vi/FKEvFbX11gA/hqdefault.jpg,25,4411,43,104,PT2M35S,false,FNNプライムオンライン,参議院選挙;参院;参院選;自民,4
am_pIZXUO80,2025-07-17T05:15:00Z,UCoQBJMzcwmXrRSHBFAlTsIw,FNNプライムオンライン,【参院選】社民党は国政政党の要件満たすか「生き残りかけた戦い」　保守党は「移民政策是正など訴え」　再生・みらいも参戦,"参議院選挙について詳しくお伝えする「もっと投票の前に」。
17日は、社民党と日本保守党などの動向をお伝えします。

社民党・福島党首：
今度の参議院選挙、社民党、生き残りをかけた戦いです。

「生き残りをかけた戦い」と訴える社民党は、今回の選挙結果次第では、国政政党の資格を失ってしまうため、強い危機感がにじんでいます。

社民党の前身の社会党は、野党第一党を長く続け、委員長だった村山富市氏は1994年、首相に就任しました。

しかし、現在、社民党の国会議員は3人で、公職選挙法の国政政党の要件を満たすには、今回、3人以上当選するか、2％以上の票を獲得する必要があります。

比例代表に有名タレントの候補を立て、生活と平和を守ると訴え、「崖っぷち」の戦いを続けています。

日本保守党・百田代表：
自公政権のムチャクチャを止めることができたら、まだ日本は復活する余地があります。

一方、2024年の衆議院選挙の結果を受け、政党要件を満たした日本保守党は、国政政党として党勢拡大を目指しています。

保守層の支持を期待する日本保守党は、「移民政策の是正」などを訴える一方、自民党との対立構図を明確にしています。

さらに食料品の消費税ゼロを訴え、幅広い支持の獲得を狙っています。

再生の道・石丸代表：
生産性の向上しかないんです。すべての礎となる教育、これを最優先します。

チームみらい・安野代表：
なぜ今、新党チームみらいが必要なのか。今こそ日本が変わるべき時だからです。

この他、「教育を最優先」として教育人材・内容・環境の拡充を訴える政治団体「再生の道」や、「テクノロジーで未来をかえる」と訴える「チームみらい」も参戦し、各党、各団体の攻防が続いています。

FNNプライムオンライン
https://www.fnn.jp/","['ニュース', 'NEWS', 'FNN', 'FNNプライムオンライン', 'フジテレビ', 'フジテレビジョン', 'FujiTelevision']",https://i.ytimg.com/vi/am_pIZXUO80/hqdefault.jpg,25,6877,65,93,PT2M18S,false,FNNプライムオンライン,参議院選挙;参院;参院選;投票;比例代表;石丸;自民,7
OeiphKYyEkI,2025-07-17T09:51:04Z,UCv7_krlrre3GQi79d4guxHQ,読売テレビニュース,【解説】「85％が偽情報に気づかない」SNSの真偽不明の情報にどう向き合う？　3分の1が政治関連　参院選まで3日,"　参院選が迫る中、影響力が大きくなっているのが、SNSです。真偽不明の情報にどう向きあっていけばよいのでしょうか？

　参院選まであと3日。投票先を決めるため、今や多くの人がSNSで情報収集をしています。

「YouTube（ユーチューブ）とか見ていたら、自動的に動画が出てきたりするので、それで見たりとかはします」
　
「明らかに偏りがあるものは、読み飛ばしたりとかして見ています」

　SNSを使う上で課題となっているのが、情報の正確性です。

　例えば最近、こども家庭庁に関し、「2025年度の予算が7.3兆円。解体すれば新生児1人あたり1000万円給付できる」という趣旨の投稿が複数みられますが…。

　このような投稿について、こども家庭庁に取材してみると、投稿を把握済みとした上で…

　こども家庭庁広報担当
「予算は昨年、出生したお子さんだけでなく、今を生きるこどもたちや子育て家庭への様々な支援に充てられています」（吹き替え）

　予算の総額は間違いではありませんが、「保育所などの運営費や児童手当の費用などが予算の大半を占めているため、解体できるようなものではない」としています。

　正しい情報と間違った情報が入り混じり、真偽を判断することが難しくなっているのです。

　報告・益永佳奈
「Xで選挙について、どういった投稿がされているか調べていきたいと思います」

　多く見られたのが「不正選挙」を疑う内容です。

　「期日前投票は本人確認がなく不正ができる」という投稿や―。
　「期日前投票は『不正選挙の温床』で、書き換えを防ぐためにボールペンを持参すべき」といったものも。

　こうした真偽不明の情報によって、実際の投票行動に影響を受ける人も多いと言います。

Q、ボールペンを持参する人は増えている？
　守口市選挙管理委員会・田中達也主任
「昨今のSNSの影響で（ペンを）持参される方は増えてきているかなといった印象はあります」

　そもそも、投票用紙にボールペンで記入するとどうなるのでしょうか？

　守口市選挙管理委員会・田中達也主任
「投票用紙は紙ではなくプラスチックでできておりますので、ボールペン、特に水性のボールペンで書きますと、にじんだり汚れが移ったりすることがありますので、投票所内では鉛筆を設置して、そちらに書き込んでいただくようにお願いしています」

　期日前投票は「投票用紙の内容を書き換えられる」という投稿に対しては、選管は、厳重に鍵をかけて投票用紙を管理しているとしています。

　守口市選挙管理委員会・田中達也主任
「そういった書き込みがあるのは承知はしてます。ただ不正がないように投票管理者や立会人さんもいらっしゃいますし、投票所の中には我々職員もいますので、常に周りの目できっちり監視している」

　SNSから得られる情報が増えた分、真偽を見分ける力が求められています。

（中谷しのぶキャスター）
　ネットでいいますと、やはり正確性であったり偏りが危惧されていることをご存知の方も多いと思うんですけれども。
　実際このようなデータがあります。

　およそ85%の人が偽情報に気づかない、気づいていないということなんですね。
こちら、日本ファクトチェックセンターの古田編集長なんですけれども、特に最近増えているのがこちらです。

　真偽不明な情報として以前は医療関連が多かったそうなんですが、去年の選挙などをきっかけに注目を集めて、今は3分の1が政治関連になっているということです。

　真偽不明な情報が出回っていることを受けて、実は省庁が否定する事態にも今はなっているんですね。

　例えばこちら、こども家庭庁を解体すれば、新生児1人当たり1000万円給付できるといった投稿に対して、今年4月こども家庭庁は、予算の内訳を提示して子育て家庭への様々な支援に充てられていることを強調する事態にもなっています。

　また、生活保護は外国人を優先していて、中国人受給者が2倍になっているという投稿に対しても、おととい厚労省は世帯主が中国籍の受給者は増えていますが、2倍になった事実はないと、真偽不明な情報に対して情報を打ち出す、否定する事態になっているんです。

　また、きのうこういったこともありました。


　記者から、参院選とSNSに関して、「外国勢力が介入工作を行っているとの指摘もありますが」という質問が飛び出しまして。
　青木官房副長官は「我が国も影響工作の対象になっているとの認識で、外国からの偽情報の集約、分析などを推進したい」と発言しています。

　横須賀さん、海外ではこういった話も多く聞かれますけれども、私たち日本でも他人事ではないということですよね。

（横須賀ゆきの解説委員）
　そうですよね。例えばロシアがヨーロッパの国々に対して選挙介入などを行って、ロシア寄りの政権を樹立したいということで。いろんな国に対して行っていたりとか。
　アメリカ大統領選挙に対しても、ロシアは2016年の時に介入してますよね。
　さらには、例えば中国が台湾に対して、世論工作をSNSなどを通じて自分たち寄りにしたいという狙いもあります。

　日本は今まで比較的、そういうところからちょっとブロックされていた面はあるんですが、やっぱり昨今の世界情勢を見据えて、後手の対応にならないように警戒は十分に行っていかなければならないというトーンなんですね。

　一番心配しているのは、政府関係者から話を聞いたところ、やはり不正選挙論。
　選挙が公正公平に行われてといないんじゃないかと、勝手にSNSなどで論争が巻き起こることは民主主義の根幹に関わる部分なので、しっかり情報発信を公的機関としても必要になってくるだろうという認識を示していました。

（中谷しのぶキャスター）
　ほとんどが正しい情報の中で一部に偽の情報などが入っていると、見極めも難しいかもしれませんが、私たち個人としてもできる対策としてこちらです。

　情報を拡散する、選挙で投票するなど、行動に移す前に今一度確認をしてくださいということです。
　その情報の発信源はどこなのか。根拠は何なのか。また公的機関のそれに対する発信はあるのかどうなのか。そのあたりもチェックが必要です。

　また、一方でこちら制度を整えるということですよね。法的な規制づくり、AI悪用への対策など、社会全体で取り組む必要性も古田編集長は指摘をされています。

　情報が間違っていても、私たちは気づかないということを自覚する必要がある。

　なかなか政治のこととか話しにくいかもしれませんけれども、一度立ち止まって周りの方と話をしてみるなど、折り合いながら取捨選択できるといいのかもしれません。
▼特集動画や深堀解説、最新ニュースを毎日配信　チャンネル登録はこちら
 https://www.youtube.com/channel/UCv7_krlrre3GQi79d4guxHQ

▼読売テレビ報道局のSNS
TikTok　https://www.tiktok.com/@ytvnews
X（旧Twitter）https://twitter.com/news_ytv

▼かんさい情報ネットten.
Facebook　https://www.facebook.com/ytvten/
Instagram　https://www.instagram.com/ytv.ten/
X（旧Twitter）https://twitter.com/ytvnewsten
webサイト　https://www.ytv.co.jp/ten/

▼読売テレビニュース
https://www.ytv.co.jp/press/

▼情報ライブ ミヤネ屋
https://www.ytv.co.jp/miyaneya/

▼ニュースジグザグ
X（旧Twitter）https://x.com/ytvzigzag　
webサイト　https://www.ytv.co.jp/zigzag/

▼す・またん！
HP：https://www.ytv.co.jp/cematin/
X(Twitter)：＠sumatanent
https://twitter.com/sumatanent
Instagram：＠sumatanentame
https://www.instagram.com/sumatanentame/?hl=ja
TikTok：＠sumatantiktok
https://www.tiktok.com/@sumatantiktok

▼情報提供はこちら「投稿ボックス」
https://www.ytv.co.jp/toukou_box/","['社会', '読売テレビニュース', '参議院選挙']",https://i.ytimg.com/vi/OeiphKYyEkI/hqdefault.jpg,25,4883,50,154,PT7M37S,false,読売テレビニュース,参議院選挙;参院;参院選;投票;期日前投票,5
